subject,predicate,object,doc_id,chunk_id,score,cq_id
http://example.org/kg/cq/CQ_S0_R1_0043,http://example.org/kg/supportedBy,http://example.org/kg/chunk/25-mathematics-11-00820_rag__chunk_003,25-mathematics-11-00820_rag,25-mathematics-11-00820_rag::chunk_003,0.8158836662769318,CQ_S0_R1_0043
http://example.org/kg/cq/CQ_S0_R1_0043,http://example.org/kg/supportedBy,http://example.org/kg/chunk/22-2203_13450v3_rag__chunk_002,22-2203.13450v3_rag,22-2203.13450v3_rag::chunk_002,0.8038119375705719,CQ_S0_R1_0043
http://example.org/kg/cq/CQ_S0_R1_0043,http://example.org/kg/supportedBy,http://example.org/kg/chunk/22-2203_13450v3_rag__chunk_006,22-2203.13450v3_rag,22-2203.13450v3_rag::chunk_006,0.8020019829273224,CQ_S0_R1_0043
http://example.org/kg/cq/CQ_S0_R1_0043,http://example.org/kg/supportedBy,http://example.org/kg/chunk/26-2009_00236v2_rag__chunk_008,26-2009.00236v2_rag,26-2009.00236v2_rag::chunk_008,0.796055942773819,CQ_S0_R1_0043
http://example.org/kg/cq/CQ_S0_R1_0043,http://example.org/kg/supportedBy,http://example.org/kg/chunk/26-2009_00236v2_rag__chunk_028,26-2009.00236v2_rag,26-2009.00236v2_rag::chunk_028,0.7917210757732391,CQ_S0_R1_0043
http://example.org/kg/cq/CQ_S0_R1_0031,http://example.org/kg/supportedBy,http://example.org/kg/chunk/95-2206_04838v3_rag__chunk_000,95-2206.04838v3_rag,95-2206.04838v3_rag::chunk_000,0.8182853162288666,CQ_S0_R1_0031
http://example.org/kg/cq/CQ_S0_R1_0031,http://example.org/kg/supportedBy,http://example.org/kg/chunk/22-2203_13450v3_rag__chunk_002,22-2203.13450v3_rag,22-2203.13450v3_rag::chunk_002,0.8170661628246307,CQ_S0_R1_0031
http://example.org/kg/cq/CQ_S0_R1_0031,http://example.org/kg/supportedBy,http://example.org/kg/chunk/42-1802_09841v1_rag__chunk_008,42-1802.09841v1_rag,42-1802.09841v1_rag::chunk_008,0.8079172372817993,CQ_S0_R1_0031
http://example.org/kg/cq/CQ_S0_R1_0031,http://example.org/kg/supportedBy,http://example.org/kg/chunk/22-2203_13450v3_rag__chunk_006,22-2203.13450v3_rag,22-2203.13450v3_rag::chunk_006,0.8018907010555267,CQ_S0_R1_0031
http://example.org/kg/cq/CQ_S0_R1_0031,http://example.org/kg/supportedBy,http://example.org/kg/chunk/22-2203_13450v3_rag__chunk_007,22-2203.13450v3_rag,22-2203.13450v3_rag::chunk_007,0.7997382283210754,CQ_S0_R1_0031
http://example.org/kg/cq/CQ_S0_R1_0007,http://example.org/kg/supportedBy,http://example.org/kg/chunk/177-2005_07402v1_rag__chunk_010,177-2005.07402v1_rag,177-2005.07402v1_rag::chunk_010,0.8449276089668274,CQ_S0_R1_0007
http://example.org/kg/cq/CQ_S0_R1_0007,http://example.org/kg/supportedBy,http://example.org/kg/chunk/177-2005_07402v1_rag__chunk_000,177-2005.07402v1_rag,177-2005.07402v1_rag::chunk_000,0.8381826281547546,CQ_S0_R1_0007
http://example.org/kg/cq/CQ_S0_R1_0007,http://example.org/kg/supportedBy,http://example.org/kg/chunk/177-2005_07402v1_rag__chunk_011,177-2005.07402v1_rag,177-2005.07402v1_rag::chunk_011,0.8376506567001343,CQ_S0_R1_0007
http://example.org/kg/cq/CQ_S0_R1_0007,http://example.org/kg/supportedBy,http://example.org/kg/chunk/177-2005_07402v1_rag__chunk_002,177-2005.07402v1_rag,177-2005.07402v1_rag::chunk_002,0.8356524109840393,CQ_S0_R1_0007
http://example.org/kg/cq/CQ_S0_R1_0007,http://example.org/kg/supportedBy,http://example.org/kg/chunk/169-2004_10931v1_rag__chunk_011,169-2004.10931v1_rag,169-2004.10931v1_rag::chunk_011,0.8284820318222046,CQ_S0_R1_0007
http://example.org/kg/cq/CQ_S0_R1_0016,http://example.org/kg/supportedBy,http://example.org/kg/chunk/20-2211_14819v2_rag__chunk_003,20-2211.14819v2_rag,20-2211.14819v2_rag::chunk_003,0.8376057744026184,CQ_S0_R1_0016
http://example.org/kg/cq/CQ_S0_R1_0016,http://example.org/kg/supportedBy,http://example.org/kg/chunk/20-2211_14819v2_rag__chunk_002,20-2211.14819v2_rag,20-2211.14819v2_rag::chunk_002,0.8086352646350861,CQ_S0_R1_0016
http://example.org/kg/cq/CQ_S0_R1_0016,http://example.org/kg/supportedBy,http://example.org/kg/chunk/41-489_active_learning_for_convolutio_rag__chunk_005,41-489_active_learning_for_convolutio_rag,41-489_active_learning_for_convolutio_rag::chunk_005,0.8064536452293396,CQ_S0_R1_0016
http://example.org/kg/cq/CQ_S0_R1_0016,http://example.org/kg/supportedBy,http://example.org/kg/chunk/38-D17-1063_rag__chunk_002,38-D17-1063_rag,38-D17-1063_rag::chunk_002,0.8046443462371826,CQ_S0_R1_0016
http://example.org/kg/cq/CQ_S0_R1_0016,http://example.org/kg/supportedBy,http://example.org/kg/chunk/20-2211_14819v2_rag__chunk_004,20-2211.14819v2_rag,20-2211.14819v2_rag::chunk_004,0.8044368624687195,CQ_S0_R1_0016
http://example.org/kg/cq/CQ_S0_R1_0019,http://example.org/kg/supportedBy,http://example.org/kg/chunk/26-2009_00236v2_rag__chunk_008,26-2009.00236v2_rag,26-2009.00236v2_rag::chunk_008,0.7809886932373047,CQ_S0_R1_0019
http://example.org/kg/cq/CQ_S0_R1_0019,http://example.org/kg/supportedBy,http://example.org/kg/chunk/26-2009_00236v2_rag__chunk_009,26-2009.00236v2_rag,26-2009.00236v2_rag::chunk_009,0.7718299627304077,CQ_S0_R1_0019
http://example.org/kg/cq/CQ_S0_R1_0019,http://example.org/kg/supportedBy,http://example.org/kg/chunk/106-Thiessen-2021-Active_Learning_of_Convex_Halfspaces_on_Graphs-am_rag__chunk_016,106-Thiessen-2021-Active Learning of Convex Halfspaces on Graphs-am_rag,106-Thiessen-2021-Active Learning of Convex Halfspaces on Graphs-am_rag::chunk_016,0.7708684802055359,CQ_S0_R1_0019
http://example.org/kg/cq/CQ_S0_R1_0019,http://example.org/kg/supportedBy,http://example.org/kg/chunk/26-2009_00236v2_rag__chunk_010,26-2009.00236v2_rag,26-2009.00236v2_rag::chunk_010,0.7703058421611786,CQ_S0_R1_0019
http://example.org/kg/cq/CQ_S0_R1_0019,http://example.org/kg/supportedBy,http://example.org/kg/chunk/26-2009_00236v2_rag__chunk_019,26-2009.00236v2_rag,26-2009.00236v2_rag::chunk_019,0.7699535191059113,CQ_S0_R1_0019
http://example.org/kg/cq/CQ_S0_R1_0013,http://example.org/kg/supportedBy,http://example.org/kg/chunk/59-2022_findings-emnlp_80_rag__chunk_009,59-2022.findings-emnlp.80_rag,59-2022.findings-emnlp.80_rag::chunk_009,0.7954917252063751,CQ_S0_R1_0013
http://example.org/kg/cq/CQ_S0_R1_0013,http://example.org/kg/supportedBy,http://example.org/kg/chunk/83-6133-Article_Text-9358-1-10-20200513_rag__chunk_007,83-6133-Article Text-9358-1-10-20200513_rag,83-6133-Article Text-9358-1-10-20200513_rag::chunk_007,0.7935355305671692,CQ_S0_R1_0013
http://example.org/kg/cq/CQ_S0_R1_0013,http://example.org/kg/supportedBy,http://example.org/kg/chunk/83-6133-Article_Text-9358-1-10-20200513_rag__chunk_006,83-6133-Article Text-9358-1-10-20200513_rag,83-6133-Article Text-9358-1-10-20200513_rag::chunk_006,0.793398380279541,CQ_S0_R1_0013
http://example.org/kg/cq/CQ_S0_R1_0013,http://example.org/kg/supportedBy,http://example.org/kg/chunk/188-2211_08112v1_rag__chunk_003,188-2211.08112v1_rag,188-2211.08112v1_rag::chunk_003,0.7932431399822235,CQ_S0_R1_0013
http://example.org/kg/cq/CQ_S0_R1_0013,http://example.org/kg/supportedBy,http://example.org/kg/chunk/120-2006_13463v2_rag__chunk_013,120-2006.13463v2_rag,120-2006.13463v2_rag::chunk_013,0.7915685772895813,CQ_S0_R1_0013
http://example.org/kg/cq/CQ_S0_R1_0003,http://example.org/kg/supportedBy,http://example.org/kg/chunk/22-2203_13450v3_rag__chunk_016,22-2203.13450v3_rag,22-2203.13450v3_rag::chunk_016,0.804818868637085,CQ_S0_R1_0003
http://example.org/kg/cq/CQ_S0_R1_0003,http://example.org/kg/supportedBy,http://example.org/kg/chunk/78-2107_11769v3_rag__chunk_000,78-2107.11769v3_rag,78-2107.11769v3_rag::chunk_000,0.8030446469783783,CQ_S0_R1_0003
http://example.org/kg/cq/CQ_S0_R1_0003,http://example.org/kg/supportedBy,http://example.org/kg/chunk/26-2009_00236v2_rag__chunk_031,26-2009.00236v2_rag,26-2009.00236v2_rag::chunk_031,0.8024186491966248,CQ_S0_R1_0003
http://example.org/kg/cq/CQ_S0_R1_0003,http://example.org/kg/supportedBy,http://example.org/kg/chunk/17-2310_14230v3_rag__chunk_002,17-2310.14230v3_rag,17-2310.14230v3_rag::chunk_002,0.8001834452152252,CQ_S0_R1_0003
http://example.org/kg/cq/CQ_S0_R1_0003,http://example.org/kg/supportedBy,http://example.org/kg/chunk/20-2211_14819v2_rag__chunk_016,20-2211.14819v2_rag,20-2211.14819v2_rag::chunk_016,0.8000267148017883,CQ_S0_R1_0003
http://example.org/kg/cq/CQ_S0_R1_0034,http://example.org/kg/supportedBy,http://example.org/kg/chunk/201-2202_02794v4_rag__chunk_012,201-2202.02794v4_rag,201-2202.02794v4_rag::chunk_012,0.7764813005924225,CQ_S0_R1_0034
http://example.org/kg/cq/CQ_S0_R1_0034,http://example.org/kg/supportedBy,http://example.org/kg/chunk/160-ActiveLearningADPRL_rag__chunk_002,160-ActiveLearningADPRL_rag,160-ActiveLearningADPRL_rag::chunk_002,0.7694804072380066,CQ_S0_R1_0034
http://example.org/kg/cq/CQ_S0_R1_0034,http://example.org/kg/supportedBy,http://example.org/kg/chunk/177-2005_07402v1_rag__chunk_002,177-2005.07402v1_rag,177-2005.07402v1_rag::chunk_002,0.7671700716018677,CQ_S0_R1_0034
http://example.org/kg/cq/CQ_S0_R1_0034,http://example.org/kg/supportedBy,http://example.org/kg/chunk/201-2202_02794v4_rag__chunk_002,201-2202.02794v4_rag,201-2202.02794v4_rag::chunk_002,0.7630737125873566,CQ_S0_R1_0034
http://example.org/kg/cq/CQ_S0_R1_0034,http://example.org/kg/supportedBy,http://example.org/kg/chunk/127-1909_03585v1_rag__chunk_014,127-1909.03585v1_rag,127-1909.03585v1_rag::chunk_014,0.7623671591281891,CQ_S0_R1_0034
http://example.org/kg/cq/CQ_S0_R1_0025,http://example.org/kg/supportedBy,http://example.org/kg/chunk/22-2203_13450v3_rag__chunk_002,22-2203.13450v3_rag,22-2203.13450v3_rag::chunk_002,0.8306241035461426,CQ_S0_R1_0025
http://example.org/kg/cq/CQ_S0_R1_0025,http://example.org/kg/supportedBy,http://example.org/kg/chunk/26-2009_00236v2_rag__chunk_004,26-2009.00236v2_rag,26-2009.00236v2_rag::chunk_004,0.8262286186218262,CQ_S0_R1_0025
http://example.org/kg/cq/CQ_S0_R1_0025,http://example.org/kg/supportedBy,http://example.org/kg/chunk/26-2009_00236v2_rag__chunk_021,26-2009.00236v2_rag,26-2009.00236v2_rag::chunk_021,0.819999098777771,CQ_S0_R1_0025
http://example.org/kg/cq/CQ_S0_R1_0025,http://example.org/kg/supportedBy,http://example.org/kg/chunk/22-2203_13450v3_rag__chunk_006,22-2203.13450v3_rag,22-2203.13450v3_rag::chunk_006,0.819037139415741,CQ_S0_R1_0025
http://example.org/kg/cq/CQ_S0_R1_0025,http://example.org/kg/supportedBy,http://example.org/kg/chunk/26-2009_00236v2_rag__chunk_016,26-2009.00236v2_rag,26-2009.00236v2_rag::chunk_016,0.8172368109226227,CQ_S0_R1_0025
http://example.org/kg/cq/CQ_S0_R1_0040,http://example.org/kg/supportedBy,http://example.org/kg/chunk/150-2104_02324v1_rag__chunk_005,150-2104.02324v1_rag,150-2104.02324v1_rag::chunk_005,0.801384836435318,CQ_S0_R1_0040
http://example.org/kg/cq/CQ_S0_R1_0040,http://example.org/kg/supportedBy,http://example.org/kg/chunk/150-2104_02324v1_rag__chunk_006,150-2104.02324v1_rag,150-2104.02324v1_rag::chunk_006,0.800335019826889,CQ_S0_R1_0040
http://example.org/kg/cq/CQ_S0_R1_0040,http://example.org/kg/supportedBy,http://example.org/kg/chunk/25-mathematics-11-00820_rag__chunk_021,25-mathematics-11-00820_rag,25-mathematics-11-00820_rag::chunk_021,0.7996967434883118,CQ_S0_R1_0040
http://example.org/kg/cq/CQ_S0_R1_0040,http://example.org/kg/supportedBy,http://example.org/kg/chunk/192-socialcom2011-rahuls_rag__chunk_004,192-socialcom2011-rahuls_rag,192-socialcom2011-rahuls_rag::chunk_004,0.7990445494651794,CQ_S0_R1_0040
http://example.org/kg/cq/CQ_S0_R1_0040,http://example.org/kg/supportedBy,http://example.org/kg/chunk/44-1710_02584v1_rag__chunk_008,44-1710.02584v1_rag,44-1710.02584v1_rag::chunk_008,0.7956493198871613,CQ_S0_R1_0040
http://example.org/kg/cq/CQ_S0_R1_0047,http://example.org/kg/supportedBy,http://example.org/kg/chunk/22-2203_13450v3_rag__chunk_006,22-2203.13450v3_rag,22-2203.13450v3_rag::chunk_006,0.8146388828754425,CQ_S0_R1_0047
http://example.org/kg/cq/CQ_S0_R1_0047,http://example.org/kg/supportedBy,http://example.org/kg/chunk/22-2203_13450v3_rag__chunk_002,22-2203.13450v3_rag,22-2203.13450v3_rag::chunk_002,0.8109489977359772,CQ_S0_R1_0047
http://example.org/kg/cq/CQ_S0_R1_0047,http://example.org/kg/supportedBy,http://example.org/kg/chunk/22-2203_13450v3_rag__chunk_016,22-2203.13450v3_rag,22-2203.13450v3_rag::chunk_016,0.8075336515903473,CQ_S0_R1_0047
http://example.org/kg/cq/CQ_S0_R1_0047,http://example.org/kg/supportedBy,http://example.org/kg/chunk/22-2203_13450v3_rag__chunk_003,22-2203.13450v3_rag,22-2203.13450v3_rag::chunk_003,0.8073521256446838,CQ_S0_R1_0047
http://example.org/kg/cq/CQ_S0_R1_0047,http://example.org/kg/supportedBy,http://example.org/kg/chunk/26-2009_00236v2_rag__chunk_033,26-2009.00236v2_rag,26-2009.00236v2_rag::chunk_033,0.8072425127029419,CQ_S0_R1_0047
http://example.org/kg/cq/CQ_S0_R1_0028,http://example.org/kg/supportedBy,http://example.org/kg/chunk/104-1809_10565v1_rag__chunk_000,104-1809.10565v1_rag,104-1809.10565v1_rag::chunk_000,0.8255381882190704,CQ_S0_R1_0028
http://example.org/kg/cq/CQ_S0_R1_0028,http://example.org/kg/supportedBy,http://example.org/kg/chunk/25-mathematics-11-00820_rag__chunk_002,25-mathematics-11-00820_rag,25-mathematics-11-00820_rag::chunk_002,0.8131682872772217,CQ_S0_R1_0028
http://example.org/kg/cq/CQ_S0_R1_0028,http://example.org/kg/supportedBy,http://example.org/kg/chunk/127-1909_03585v1_rag__chunk_016,127-1909.03585v1_rag,127-1909.03585v1_rag::chunk_016,0.8129839301109314,CQ_S0_R1_0028
http://example.org/kg/cq/CQ_S0_R1_0028,http://example.org/kg/supportedBy,http://example.org/kg/chunk/32-21378-Article_Text-25391-1-2-20220628_rag__chunk_010,32-21378-Article Text-25391-1-2-20220628_rag,32-21378-Article Text-25391-1-2-20220628_rag::chunk_010,0.8124624490737915,CQ_S0_R1_0028
http://example.org/kg/cq/CQ_S0_R1_0028,http://example.org/kg/supportedBy,http://example.org/kg/chunk/24-active-survey_rag__chunk_006,24-active-survey_rag,24-active-survey_rag::chunk_006,0.8111079037189484,CQ_S0_R1_0028
http://example.org/kg/cq/CQ_S0_R1_0005,http://example.org/kg/supportedBy,http://example.org/kg/chunk/25-mathematics-11-00820_rag__chunk_009,25-mathematics-11-00820_rag,25-mathematics-11-00820_rag::chunk_009,0.8560561537742615,CQ_S0_R1_0005
http://example.org/kg/cq/CQ_S0_R1_0005,http://example.org/kg/supportedBy,http://example.org/kg/chunk/24-active-survey_rag__chunk_002,24-active-survey_rag,24-active-survey_rag::chunk_002,0.8513681590557098,CQ_S0_R1_0005
http://example.org/kg/cq/CQ_S0_R1_0005,http://example.org/kg/supportedBy,http://example.org/kg/chunk/20-2211_14819v2_rag__chunk_002,20-2211.14819v2_rag,20-2211.14819v2_rag::chunk_002,0.8377912640571594,CQ_S0_R1_0005
http://example.org/kg/cq/CQ_S0_R1_0005,http://example.org/kg/supportedBy,http://example.org/kg/chunk/26-2009_00236v2_rag__chunk_004,26-2009.00236v2_rag,26-2009.00236v2_rag::chunk_004,0.8352653980255127,CQ_S0_R1_0005
http://example.org/kg/cq/CQ_S0_R1_0005,http://example.org/kg/supportedBy,http://example.org/kg/chunk/25-mathematics-11-00820_rag__chunk_008,25-mathematics-11-00820_rag,25-mathematics-11-00820_rag::chunk_008,0.8349495530128479,CQ_S0_R1_0005
http://example.org/kg/cq/CQ_S0_R1_0001,http://example.org/kg/supportedBy,http://example.org/kg/chunk/48-1904_11643v1_rag__chunk_005,48-1904.11643v1_rag,48-1904.11643v1_rag::chunk_005,0.8131571710109711,CQ_S0_R1_0001
http://example.org/kg/cq/CQ_S0_R1_0001,http://example.org/kg/supportedBy,http://example.org/kg/chunk/103-2210_12704v1_rag__chunk_003,103-2210.12704v1_rag,103-2210.12704v1_rag::chunk_003,0.8040626645088196,CQ_S0_R1_0001
http://example.org/kg/cq/CQ_S0_R1_0001,http://example.org/kg/supportedBy,http://example.org/kg/chunk/48-1904_11643v1_rag__chunk_008,48-1904.11643v1_rag,48-1904.11643v1_rag::chunk_008,0.8037575483322144,CQ_S0_R1_0001
http://example.org/kg/cq/CQ_S0_R1_0001,http://example.org/kg/supportedBy,http://example.org/kg/chunk/141-2021_acl-long_332_rag__chunk_003,141-2021.acl-long.332_rag,141-2021.acl-long.332_rag::chunk_003,0.803714394569397,CQ_S0_R1_0001
http://example.org/kg/cq/CQ_S0_R1_0001,http://example.org/kg/supportedBy,http://example.org/kg/chunk/35-1703_02910v1_rag__chunk_007,35-1703.02910v1_rag,35-1703.02910v1_rag::chunk_007,0.8028740286827087,CQ_S0_R1_0001
http://example.org/kg/cq/CQ_S0_R1_0037,http://example.org/kg/supportedBy,http://example.org/kg/chunk/17-2310_14230v3_rag__chunk_021,17-2310.14230v3_rag,17-2310.14230v3_rag::chunk_021,0.7982083559036255,CQ_S0_R1_0037
http://example.org/kg/cq/CQ_S0_R1_0037,http://example.org/kg/supportedBy,http://example.org/kg/chunk/182-2106_02968v4_rag__chunk_027,182-2106.02968v4_rag,182-2106.02968v4_rag::chunk_027,0.7967463731765747,CQ_S0_R1_0037
http://example.org/kg/cq/CQ_S0_R1_0037,http://example.org/kg/supportedBy,http://example.org/kg/chunk/182-2106_02968v4_rag__chunk_037,182-2106.02968v4_rag,182-2106.02968v4_rag::chunk_037,0.7838357090950012,CQ_S0_R1_0037
http://example.org/kg/cq/CQ_S0_R1_0037,http://example.org/kg/supportedBy,http://example.org/kg/chunk/17-2310_14230v3_rag__chunk_022,17-2310.14230v3_rag,17-2310.14230v3_rag::chunk_022,0.7821948528289795,CQ_S0_R1_0037
http://example.org/kg/cq/CQ_S0_R1_0037,http://example.org/kg/supportedBy,http://example.org/kg/chunk/14-Peng_Active_Learning_for_Lane_Detection_A_Knowledge_Distillation_Approach_ICCV_2021_paper_rag__chunk_008,14-Peng_Active_Learning_for_Lane_Detection_A_Knowledge_Distillation_Approach_ICCV_2021_paper_rag,14-Peng_Active_Learning_for_Lane_Detection_A_Knowledge_Distillation_Approach_ICCV_2021_paper_rag::chunk_008,0.7783026993274689,CQ_S0_R1_0037
http://example.org/kg/cq/CQ_S0_R1_0022,http://example.org/kg/supportedBy,http://example.org/kg/chunk/35-1703_02910v1_rag__chunk_008,35-1703.02910v1_rag,35-1703.02910v1_rag::chunk_008,0.8432650566101074,CQ_S0_R1_0022
http://example.org/kg/cq/CQ_S0_R1_0022,http://example.org/kg/supportedBy,http://example.org/kg/chunk/35-1703_02910v1_rag__chunk_007,35-1703.02910v1_rag,35-1703.02910v1_rag::chunk_007,0.8387895822525024,CQ_S0_R1_0022
http://example.org/kg/cq/CQ_S0_R1_0022,http://example.org/kg/supportedBy,http://example.org/kg/chunk/113-2111_02275v2_rag__chunk_007,113-2111.02275v2_rag,113-2111.02275v2_rag::chunk_007,0.8379684686660767,CQ_S0_R1_0022
http://example.org/kg/cq/CQ_S0_R1_0022,http://example.org/kg/supportedBy,http://example.org/kg/chunk/113-2111_02275v2_rag__chunk_012,113-2111.02275v2_rag,113-2111.02275v2_rag::chunk_012,0.8318020701408386,CQ_S0_R1_0022
http://example.org/kg/cq/CQ_S0_R1_0022,http://example.org/kg/supportedBy,http://example.org/kg/chunk/113-2111_02275v2_rag__chunk_006,113-2111.02275v2_rag,113-2111.02275v2_rag::chunk_006,0.8295435905456543,CQ_S0_R1_0022
http://example.org/kg/cq/CQ_S0_R1_0010,http://example.org/kg/supportedBy,http://example.org/kg/chunk/60-2022_findings-emnlp_235_rag__chunk_003,60-2022.findings-emnlp.235_rag,60-2022.findings-emnlp.235_rag::chunk_003,0.8338767290115356,CQ_S0_R1_0010
http://example.org/kg/cq/CQ_S0_R1_0010,http://example.org/kg/supportedBy,http://example.org/kg/chunk/60-2022_findings-emnlp_235_rag__chunk_006,60-2022.findings-emnlp.235_rag,60-2022.findings-emnlp.235_rag::chunk_006,0.8134801983833313,CQ_S0_R1_0010
http://example.org/kg/cq/CQ_S0_R1_0010,http://example.org/kg/supportedBy,http://example.org/kg/chunk/60-2022_findings-emnlp_235_rag__chunk_004,60-2022.findings-emnlp.235_rag,60-2022.findings-emnlp.235_rag::chunk_004,0.8012511432170868,CQ_S0_R1_0010
http://example.org/kg/cq/CQ_S0_R1_0010,http://example.org/kg/supportedBy,http://example.org/kg/chunk/102-2203_07034v1_rag__chunk_003,102-2203.07034v1_rag,102-2203.07034v1_rag::chunk_003,0.7983168065547943,CQ_S0_R1_0010
http://example.org/kg/cq/CQ_S0_R1_0010,http://example.org/kg/supportedBy,http://example.org/kg/chunk/113-2111_02275v2_rag__chunk_005,113-2111.02275v2_rag,113-2111.02275v2_rag::chunk_005,0.7975443303585052,CQ_S0_R1_0010
http://example.org/kg/cq/CQ_S0_R1_0008,http://example.org/kg/supportedBy,http://example.org/kg/chunk/22-2203_13450v3_rag__chunk_002,22-2203.13450v3_rag,22-2203.13450v3_rag::chunk_002,0.8135745227336884,CQ_S0_R1_0008
http://example.org/kg/cq/CQ_S0_R1_0008,http://example.org/kg/supportedBy,http://example.org/kg/chunk/26-2009_00236v2_rag__chunk_027,26-2009.00236v2_rag,26-2009.00236v2_rag::chunk_027,0.8035201132297516,CQ_S0_R1_0008
http://example.org/kg/cq/CQ_S0_R1_0008,http://example.org/kg/supportedBy,http://example.org/kg/chunk/26-2009_00236v2_rag__chunk_022,26-2009.00236v2_rag,26-2009.00236v2_rag::chunk_022,0.8023551106452942,CQ_S0_R1_0008
http://example.org/kg/cq/CQ_S0_R1_0008,http://example.org/kg/supportedBy,http://example.org/kg/chunk/22-2203_13450v3_rag__chunk_000,22-2203.13450v3_rag,22-2203.13450v3_rag::chunk_000,0.8005589246749878,CQ_S0_R1_0008
http://example.org/kg/cq/CQ_S0_R1_0008,http://example.org/kg/supportedBy,http://example.org/kg/chunk/22-2203_13450v3_rag__chunk_016,22-2203.13450v3_rag,22-2203.13450v3_rag::chunk_016,0.7949129939079285,CQ_S0_R1_0008
http://example.org/kg/cq/CQ_S0_R1_0048,http://example.org/kg/supportedBy,http://example.org/kg/chunk/22-2203_13450v3_rag__chunk_002,22-2203.13450v3_rag,22-2203.13450v3_rag::chunk_002,0.8153353929519653,CQ_S0_R1_0048
http://example.org/kg/cq/CQ_S0_R1_0048,http://example.org/kg/supportedBy,http://example.org/kg/chunk/26-2009_00236v2_rag__chunk_033,26-2009.00236v2_rag,26-2009.00236v2_rag::chunk_033,0.8099654912948608,CQ_S0_R1_0048
http://example.org/kg/cq/CQ_S0_R1_0048,http://example.org/kg/supportedBy,http://example.org/kg/chunk/25-mathematics-11-00820_rag__chunk_003,25-mathematics-11-00820_rag,25-mathematics-11-00820_rag::chunk_003,0.799694687128067,CQ_S0_R1_0048
http://example.org/kg/cq/CQ_S0_R1_0048,http://example.org/kg/supportedBy,http://example.org/kg/chunk/22-2203_13450v3_rag__chunk_006,22-2203.13450v3_rag,22-2203.13450v3_rag::chunk_006,0.7988110184669495,CQ_S0_R1_0048
http://example.org/kg/cq/CQ_S0_R1_0048,http://example.org/kg/supportedBy,http://example.org/kg/chunk/22-2203_13450v3_rag__chunk_016,22-2203.13450v3_rag,22-2203.13450v3_rag::chunk_016,0.7917190790176392,CQ_S0_R1_0048
http://example.org/kg/cq/CQ_S0_R1_0033,http://example.org/kg/supportedBy,http://example.org/kg/chunk/46-Gong_Deep_reinforcement_active_2020_Accepted_rag__chunk_000,46-Gong Deep reinforcement active 2020 Accepted_rag,46-Gong Deep reinforcement active 2020 Accepted_rag::chunk_000,0.7906524538993835,CQ_S0_R1_0033
http://example.org/kg/cq/CQ_S0_R1_0033,http://example.org/kg/supportedBy,http://example.org/kg/chunk/46-Gong_Deep_reinforcement_active_2020_Accepted_rag__chunk_002,46-Gong Deep reinforcement active 2020 Accepted_rag,46-Gong Deep reinforcement active 2020 Accepted_rag::chunk_002,0.7808334231376648,CQ_S0_R1_0033
http://example.org/kg/cq/CQ_S0_R1_0033,http://example.org/kg/supportedBy,http://example.org/kg/chunk/19-1910_02923v2_rag__chunk_030,19-1910.02923v2_rag,19-1910.02923v2_rag::chunk_030,0.7737635672092438,CQ_S0_R1_0033
http://example.org/kg/cq/CQ_S0_R1_0033,http://example.org/kg/supportedBy,http://example.org/kg/chunk/22-2203_13450v3_rag__chunk_002,22-2203.13450v3_rag,22-2203.13450v3_rag::chunk_002,0.7736243307590485,CQ_S0_R1_0033
http://example.org/kg/cq/CQ_S0_R1_0033,http://example.org/kg/supportedBy,http://example.org/kg/chunk/46-Gong_Deep_reinforcement_active_2020_Accepted_rag__chunk_001,46-Gong Deep reinforcement active 2020 Accepted_rag,46-Gong Deep reinforcement active 2020 Accepted_rag::chunk_001,0.7734949588775635,CQ_S0_R1_0033
http://example.org/kg/cq/CQ_S0_R1_0029,http://example.org/kg/supportedBy,http://example.org/kg/chunk/22-2203_13450v3_rag__chunk_015,22-2203.13450v3_rag,22-2203.13450v3_rag::chunk_015,0.8052348494529724,CQ_S0_R1_0029
http://example.org/kg/cq/CQ_S0_R1_0029,http://example.org/kg/supportedBy,http://example.org/kg/chunk/22-2203_13450v3_rag__chunk_006,22-2203.13450v3_rag,22-2203.13450v3_rag::chunk_006,0.8049590587615967,CQ_S0_R1_0029
http://example.org/kg/cq/CQ_S0_R1_0029,http://example.org/kg/supportedBy,http://example.org/kg/chunk/26-2009_00236v2_rag__chunk_021,26-2009.00236v2_rag,26-2009.00236v2_rag::chunk_021,0.8046442866325378,CQ_S0_R1_0029
http://example.org/kg/cq/CQ_S0_R1_0029,http://example.org/kg/supportedBy,http://example.org/kg/chunk/22-2203_13450v3_rag__chunk_007,22-2203.13450v3_rag,22-2203.13450v3_rag::chunk_007,0.7954351902008057,CQ_S0_R1_0029
http://example.org/kg/cq/CQ_S0_R1_0029,http://example.org/kg/supportedBy,http://example.org/kg/chunk/26-2009_00236v2_rag__chunk_017,26-2009.00236v2_rag,26-2009.00236v2_rag::chunk_017,0.7903579473495483,CQ_S0_R1_0029
http://example.org/kg/cq/CQ_S0_R1_0038,http://example.org/kg/supportedBy,http://example.org/kg/chunk/22-2203_13450v3_rag__chunk_006,22-2203.13450v3_rag,22-2203.13450v3_rag::chunk_006,0.8230459094047546,CQ_S0_R1_0038
http://example.org/kg/cq/CQ_S0_R1_0038,http://example.org/kg/supportedBy,http://example.org/kg/chunk/26-2009_00236v2_rag__chunk_021,26-2009.00236v2_rag,26-2009.00236v2_rag::chunk_021,0.8218494653701782,CQ_S0_R1_0038
http://example.org/kg/cq/CQ_S0_R1_0038,http://example.org/kg/supportedBy,http://example.org/kg/chunk/22-2203_13450v3_rag__chunk_002,22-2203.13450v3_rag,22-2203.13450v3_rag::chunk_002,0.8212031722068787,CQ_S0_R1_0038
http://example.org/kg/cq/CQ_S0_R1_0038,http://example.org/kg/supportedBy,http://example.org/kg/chunk/22-2203_13450v3_rag__chunk_016,22-2203.13450v3_rag,22-2203.13450v3_rag::chunk_016,0.81669020652771,CQ_S0_R1_0038
http://example.org/kg/cq/CQ_S0_R1_0038,http://example.org/kg/supportedBy,http://example.org/kg/chunk/25-mathematics-11-00820_rag__chunk_034,25-mathematics-11-00820_rag,25-mathematics-11-00820_rag::chunk_034,0.8154048025608063,CQ_S0_R1_0038
http://example.org/kg/cq/CQ_S0_R1_0024,http://example.org/kg/supportedBy,http://example.org/kg/chunk/22-2203_13450v3_rag__chunk_002,22-2203.13450v3_rag,22-2203.13450v3_rag::chunk_002,0.8305373191833496,CQ_S0_R1_0024
http://example.org/kg/cq/CQ_S0_R1_0024,http://example.org/kg/supportedBy,http://example.org/kg/chunk/22-2203_13450v3_rag__chunk_016,22-2203.13450v3_rag,22-2203.13450v3_rag::chunk_016,0.8192997574806213,CQ_S0_R1_0024
http://example.org/kg/cq/CQ_S0_R1_0024,http://example.org/kg/supportedBy,http://example.org/kg/chunk/22-2203_13450v3_rag__chunk_006,22-2203.13450v3_rag,22-2203.13450v3_rag::chunk_006,0.8119820952415466,CQ_S0_R1_0024
http://example.org/kg/cq/CQ_S0_R1_0024,http://example.org/kg/supportedBy,http://example.org/kg/chunk/22-2203_13450v3_rag__chunk_000,22-2203.13450v3_rag,22-2203.13450v3_rag::chunk_000,0.8093166351318359,CQ_S0_R1_0024
http://example.org/kg/cq/CQ_S0_R1_0024,http://example.org/kg/supportedBy,http://example.org/kg/chunk/22-2203_13450v3_rag__chunk_001,22-2203.13450v3_rag,22-2203.13450v3_rag::chunk_001,0.8006389141082764,CQ_S0_R1_0024
http://example.org/kg/cq/CQ_S0_R1_0014,http://example.org/kg/supportedBy,http://example.org/kg/chunk/49-1904_00370v3_rag__chunk_003,49-1904.00370v3_rag,49-1904.00370v3_rag::chunk_003,0.8326942026615143,CQ_S0_R1_0014
http://example.org/kg/cq/CQ_S0_R1_0014,http://example.org/kg/supportedBy,http://example.org/kg/chunk/35-1703_02910v1_rag__chunk_008,35-1703.02910v1_rag,35-1703.02910v1_rag::chunk_008,0.831770658493042,CQ_S0_R1_0014
http://example.org/kg/cq/CQ_S0_R1_0014,http://example.org/kg/supportedBy,http://example.org/kg/chunk/152-2104_09315v1_rag__chunk_002,152-2104.09315v1_rag,152-2104.09315v1_rag::chunk_002,0.8293375372886658,CQ_S0_R1_0014
http://example.org/kg/cq/CQ_S0_R1_0014,http://example.org/kg/supportedBy,http://example.org/kg/chunk/35-1703_02910v1_rag__chunk_007,35-1703.02910v1_rag,35-1703.02910v1_rag::chunk_007,0.8223314881324768,CQ_S0_R1_0014
http://example.org/kg/cq/CQ_S0_R1_0014,http://example.org/kg/supportedBy,http://example.org/kg/chunk/151-2010_00694v2_rag__chunk_007,151-2010.00694v2_rag,151-2010.00694v2_rag::chunk_007,0.8134077489376068,CQ_S0_R1_0014
http://example.org/kg/cq/CQ_S0_R1_0035,http://example.org/kg/supportedBy,http://example.org/kg/chunk/22-2203_13450v3_rag__chunk_006,22-2203.13450v3_rag,22-2203.13450v3_rag::chunk_006,0.8182871341705322,CQ_S0_R1_0035
http://example.org/kg/cq/CQ_S0_R1_0035,http://example.org/kg/supportedBy,http://example.org/kg/chunk/22-2203_13450v3_rag__chunk_007,22-2203.13450v3_rag,22-2203.13450v3_rag::chunk_007,0.816138356924057,CQ_S0_R1_0035
http://example.org/kg/cq/CQ_S0_R1_0035,http://example.org/kg/supportedBy,http://example.org/kg/chunk/17-2310_14230v3_rag__chunk_023,17-2310.14230v3_rag,17-2310.14230v3_rag::chunk_023,0.8068513870239258,CQ_S0_R1_0035
http://example.org/kg/cq/CQ_S0_R1_0035,http://example.org/kg/supportedBy,http://example.org/kg/chunk/22-2203_13450v3_rag__chunk_016,22-2203.13450v3_rag,22-2203.13450v3_rag::chunk_016,0.8025632500648499,CQ_S0_R1_0035
http://example.org/kg/cq/CQ_S0_R1_0035,http://example.org/kg/supportedBy,http://example.org/kg/chunk/22-2203_13450v3_rag__chunk_002,22-2203.13450v3_rag,22-2203.13450v3_rag::chunk_002,0.8021494746208191,CQ_S0_R1_0035
http://example.org/kg/cq/CQ_S0_R1_0006,http://example.org/kg/supportedBy,http://example.org/kg/chunk/17-2310_14230v3_rag__chunk_023,17-2310.14230v3_rag,17-2310.14230v3_rag::chunk_023,0.81685870885849,CQ_S0_R1_0006
http://example.org/kg/cq/CQ_S0_R1_0006,http://example.org/kg/supportedBy,http://example.org/kg/chunk/114-978-3-540-74958-5_14_rag__chunk_000,114-978-3-540-74958-5_14_rag,114-978-3-540-74958-5_14_rag::chunk_000,0.8100443780422211,CQ_S0_R1_0006
http://example.org/kg/cq/CQ_S0_R1_0006,http://example.org/kg/supportedBy,http://example.org/kg/chunk/21-0634_rag__chunk_002,21-0634_rag,21-0634_rag::chunk_002,0.8091069459915161,CQ_S0_R1_0006
http://example.org/kg/cq/CQ_S0_R1_0006,http://example.org/kg/supportedBy,http://example.org/kg/chunk/21-0634_rag__chunk_006,21-0634_rag,21-0634_rag::chunk_006,0.8081333041191101,CQ_S0_R1_0006
http://example.org/kg/cq/CQ_S0_R1_0006,http://example.org/kg/supportedBy,http://example.org/kg/chunk/15-2210_10109v2_rag__chunk_005,15-2210.10109v2_rag,15-2210.10109v2_rag::chunk_005,0.8044256567955017,CQ_S0_R1_0006
http://example.org/kg/cq/CQ_S0_R1_0026,http://example.org/kg/supportedBy,http://example.org/kg/chunk/112-1487_rag__chunk_001,112-1487_rag,112-1487_rag::chunk_001,0.8287741541862488,CQ_S0_R1_0026
http://example.org/kg/cq/CQ_S0_R1_0026,http://example.org/kg/supportedBy,http://example.org/kg/chunk/112-1487_rag__chunk_002,112-1487_rag,112-1487_rag::chunk_002,0.820787250995636,CQ_S0_R1_0026
http://example.org/kg/cq/CQ_S0_R1_0026,http://example.org/kg/supportedBy,http://example.org/kg/chunk/37-1612_01474v3_rag__chunk_002,37-1612.01474v3_rag,37-1612.01474v3_rag::chunk_002,0.8204837441444397,CQ_S0_R1_0026
http://example.org/kg/cq/CQ_S0_R1_0026,http://example.org/kg/supportedBy,http://example.org/kg/chunk/37-1612_01474v3_rag__chunk_001,37-1612.01474v3_rag,37-1612.01474v3_rag::chunk_001,0.815523087978363,CQ_S0_R1_0026
http://example.org/kg/cq/CQ_S0_R1_0026,http://example.org/kg/supportedBy,http://example.org/kg/chunk/49-1904_00370v3_rag__chunk_002,49-1904.00370v3_rag,49-1904.00370v3_rag::chunk_002,0.8147671818733215,CQ_S0_R1_0026
http://example.org/kg/cq/CQ_S0_R1_0021,http://example.org/kg/supportedBy,http://example.org/kg/chunk/26-2009_00236v2_rag__chunk_019,26-2009.00236v2_rag,26-2009.00236v2_rag::chunk_019,0.7956848740577698,CQ_S0_R1_0021
http://example.org/kg/cq/CQ_S0_R1_0021,http://example.org/kg/supportedBy,http://example.org/kg/chunk/28-s10994-023-06454-2_rag__chunk_004,28-s10994-023-06454-2_rag,28-s10994-023-06454-2_rag::chunk_004,0.7895858287811279,CQ_S0_R1_0021
http://example.org/kg/cq/CQ_S0_R1_0021,http://example.org/kg/supportedBy,http://example.org/kg/chunk/22-2203_13450v3_rag__chunk_002,22-2203.13450v3_rag,22-2203.13450v3_rag::chunk_002,0.7887935936450958,CQ_S0_R1_0021
http://example.org/kg/cq/CQ_S0_R1_0021,http://example.org/kg/supportedBy,http://example.org/kg/chunk/22-2203_13450v3_rag__chunk_006,22-2203.13450v3_rag,22-2203.13450v3_rag::chunk_006,0.7782328128814697,CQ_S0_R1_0021
http://example.org/kg/cq/CQ_S0_R1_0021,http://example.org/kg/supportedBy,http://example.org/kg/chunk/25-mathematics-11-00820_rag__chunk_008,25-mathematics-11-00820_rag,25-mathematics-11-00820_rag::chunk_008,0.7775450050830841,CQ_S0_R1_0021
http://example.org/kg/cq/CQ_S0_R1_0041,http://example.org/kg/supportedBy,http://example.org/kg/chunk/22-2203_13450v3_rag__chunk_002,22-2203.13450v3_rag,22-2203.13450v3_rag::chunk_002,0.8356393575668335,CQ_S0_R1_0041
http://example.org/kg/cq/CQ_S0_R1_0041,http://example.org/kg/supportedBy,http://example.org/kg/chunk/22-2203_13450v3_rag__chunk_006,22-2203.13450v3_rag,22-2203.13450v3_rag::chunk_006,0.8296650052070618,CQ_S0_R1_0041
http://example.org/kg/cq/CQ_S0_R1_0041,http://example.org/kg/supportedBy,http://example.org/kg/chunk/22-2203_13450v3_rag__chunk_016,22-2203.13450v3_rag,22-2203.13450v3_rag::chunk_016,0.8215908110141754,CQ_S0_R1_0041
http://example.org/kg/cq/CQ_S0_R1_0041,http://example.org/kg/supportedBy,http://example.org/kg/chunk/20-2211_14819v2_rag__chunk_001,20-2211.14819v2_rag,20-2211.14819v2_rag::chunk_001,0.814670205116272,CQ_S0_R1_0041
http://example.org/kg/cq/CQ_S0_R1_0041,http://example.org/kg/supportedBy,http://example.org/kg/chunk/22-2203_13450v3_rag__chunk_000,22-2203.13450v3_rag,22-2203.13450v3_rag::chunk_000,0.8141034245491028,CQ_S0_R1_0041
http://example.org/kg/cq/CQ_S0_R1_0045,http://example.org/kg/supportedBy,http://example.org/kg/chunk/38-D17-1063_rag__chunk_002,38-D17-1063_rag,38-D17-1063_rag::chunk_002,0.8240214586257935,CQ_S0_R1_0045
http://example.org/kg/cq/CQ_S0_R1_0045,http://example.org/kg/supportedBy,http://example.org/kg/chunk/131-2007_04637v3_rag__chunk_001,131-2007.04637v3_rag,131-2007.04637v3_rag::chunk_001,0.8220463395118713,CQ_S0_R1_0045
http://example.org/kg/cq/CQ_S0_R1_0045,http://example.org/kg/supportedBy,http://example.org/kg/chunk/111-2023_findings-acl_697_rag__chunk_002,111-2023.findings-acl.697_rag,111-2023.findings-acl.697_rag::chunk_002,0.8148687183856964,CQ_S0_R1_0045
http://example.org/kg/cq/CQ_S0_R1_0045,http://example.org/kg/supportedBy,http://example.org/kg/chunk/46-Gong_Deep_reinforcement_active_2020_Accepted_rag__chunk_003,46-Gong Deep reinforcement active 2020 Accepted_rag,46-Gong Deep reinforcement active 2020 Accepted_rag::chunk_003,0.8121294379234314,CQ_S0_R1_0045
http://example.org/kg/cq/CQ_S0_R1_0045,http://example.org/kg/supportedBy,http://example.org/kg/chunk/131-2007_04637v3_rag__chunk_002,131-2007.04637v3_rag,131-2007.04637v3_rag::chunk_002,0.8103886246681213,CQ_S0_R1_0045
http://example.org/kg/cq/CQ_S0_R1_0002,http://example.org/kg/supportedBy,http://example.org/kg/chunk/22-2203_13450v3_rag__chunk_002,22-2203.13450v3_rag,22-2203.13450v3_rag::chunk_002,0.8208559453487396,CQ_S0_R1_0002
http://example.org/kg/cq/CQ_S0_R1_0002,http://example.org/kg/supportedBy,http://example.org/kg/chunk/22-2203_13450v3_rag__chunk_003,22-2203.13450v3_rag,22-2203.13450v3_rag::chunk_003,0.8175375461578369,CQ_S0_R1_0002
http://example.org/kg/cq/CQ_S0_R1_0002,http://example.org/kg/supportedBy,http://example.org/kg/chunk/20-2211_14819v2_rag__chunk_006,20-2211.14819v2_rag,20-2211.14819v2_rag::chunk_006,0.81525918841362,CQ_S0_R1_0002
http://example.org/kg/cq/CQ_S0_R1_0002,http://example.org/kg/supportedBy,http://example.org/kg/chunk/22-2203_13450v3_rag__chunk_007,22-2203.13450v3_rag,22-2203.13450v3_rag::chunk_007,0.8085484504699707,CQ_S0_R1_0002
http://example.org/kg/cq/CQ_S0_R1_0002,http://example.org/kg/supportedBy,http://example.org/kg/chunk/22-2203_13450v3_rag__chunk_006,22-2203.13450v3_rag,22-2203.13450v3_rag::chunk_006,0.8069186210632324,CQ_S0_R1_0002
http://example.org/kg/cq/CQ_S0_R1_0017,http://example.org/kg/supportedBy,http://example.org/kg/chunk/22-2203_13450v3_rag__chunk_006,22-2203.13450v3_rag,22-2203.13450v3_rag::chunk_006,0.8232638835906982,CQ_S0_R1_0017
http://example.org/kg/cq/CQ_S0_R1_0017,http://example.org/kg/supportedBy,http://example.org/kg/chunk/22-2203_13450v3_rag__chunk_016,22-2203.13450v3_rag,22-2203.13450v3_rag::chunk_016,0.8220714032649994,CQ_S0_R1_0017
http://example.org/kg/cq/CQ_S0_R1_0017,http://example.org/kg/supportedBy,http://example.org/kg/chunk/25-mathematics-11-00820_rag__chunk_039,25-mathematics-11-00820_rag,25-mathematics-11-00820_rag::chunk_039,0.8129428327083588,CQ_S0_R1_0017
http://example.org/kg/cq/CQ_S0_R1_0017,http://example.org/kg/supportedBy,http://example.org/kg/chunk/22-2203_13450v3_rag__chunk_002,22-2203.13450v3_rag,22-2203.13450v3_rag::chunk_002,0.811474084854126,CQ_S0_R1_0017
http://example.org/kg/cq/CQ_S0_R1_0017,http://example.org/kg/supportedBy,http://example.org/kg/chunk/168-0298_rag__chunk_010,168-0298_rag,168-0298_rag::chunk_010,0.811046302318573,CQ_S0_R1_0017
http://example.org/kg/cq/CQ_S0_R1_0011,http://example.org/kg/supportedBy,http://example.org/kg/chunk/22-2203_13450v3_rag__chunk_016,22-2203.13450v3_rag,22-2203.13450v3_rag::chunk_016,0.8234499990940094,CQ_S0_R1_0011
http://example.org/kg/cq/CQ_S0_R1_0011,http://example.org/kg/supportedBy,http://example.org/kg/chunk/53-2020_emnlp-main_638_rag__chunk_011,53-2020.emnlp-main.638_rag,53-2020.emnlp-main.638_rag::chunk_011,0.8121064901351929,CQ_S0_R1_0011
http://example.org/kg/cq/CQ_S0_R1_0011,http://example.org/kg/supportedBy,http://example.org/kg/chunk/22-2203_13450v3_rag__chunk_002,22-2203.13450v3_rag,22-2203.13450v3_rag::chunk_002,0.810492992401123,CQ_S0_R1_0011
http://example.org/kg/cq/CQ_S0_R1_0011,http://example.org/kg/supportedBy,http://example.org/kg/chunk/26-2009_00236v2_rag__chunk_012,26-2009.00236v2_rag,26-2009.00236v2_rag::chunk_012,0.8087489306926727,CQ_S0_R1_0011
http://example.org/kg/cq/CQ_S0_R1_0011,http://example.org/kg/supportedBy,http://example.org/kg/chunk/22-2203_13450v3_rag__chunk_015,22-2203.13450v3_rag,22-2203.13450v3_rag::chunk_015,0.8074455261230469,CQ_S0_R1_0011
http://example.org/kg/cq/CQ_S0_R1_0004,http://example.org/kg/supportedBy,http://example.org/kg/chunk/49-1904_00370v3_rag__chunk_006,49-1904.00370v3_rag,49-1904.00370v3_rag::chunk_006,0.7940920293331146,CQ_S0_R1_0004
http://example.org/kg/cq/CQ_S0_R1_0004,http://example.org/kg/supportedBy,http://example.org/kg/chunk/19-1910_02923v2_rag__chunk_021,19-1910.02923v2_rag,19-1910.02923v2_rag::chunk_021,0.7867172360420227,CQ_S0_R1_0004
http://example.org/kg/cq/CQ_S0_R1_0004,http://example.org/kg/supportedBy,http://example.org/kg/chunk/19-1910_02923v2_rag__chunk_022,19-1910.02923v2_rag,19-1910.02923v2_rag::chunk_022,0.7755110859870911,CQ_S0_R1_0004
http://example.org/kg/cq/CQ_S0_R1_0004,http://example.org/kg/supportedBy,http://example.org/kg/chunk/24-active-survey_rag__chunk_031,24-active-survey_rag,24-active-survey_rag::chunk_031,0.772562175989151,CQ_S0_R1_0004
http://example.org/kg/cq/CQ_S0_R1_0004,http://example.org/kg/supportedBy,http://example.org/kg/chunk/22-2203_13450v3_rag__chunk_002,22-2203.13450v3_rag,22-2203.13450v3_rag::chunk_002,0.7705929279327393,CQ_S0_R1_0004
http://example.org/kg/cq/CQ_S0_R1_0036,http://example.org/kg/supportedBy,http://example.org/kg/chunk/26-2009_00236v2_rag__chunk_017,26-2009.00236v2_rag,26-2009.00236v2_rag::chunk_017,0.8040960431098938,CQ_S0_R1_0036
http://example.org/kg/cq/CQ_S0_R1_0036,http://example.org/kg/supportedBy,http://example.org/kg/chunk/22-2203_13450v3_rag__chunk_003,22-2203.13450v3_rag,22-2203.13450v3_rag::chunk_003,0.8033685982227325,CQ_S0_R1_0036
http://example.org/kg/cq/CQ_S0_R1_0036,http://example.org/kg/supportedBy,http://example.org/kg/chunk/17-2310_14230v3_rag__chunk_015,17-2310.14230v3_rag,17-2310.14230v3_rag::chunk_015,0.8032801151275635,CQ_S0_R1_0036
http://example.org/kg/cq/CQ_S0_R1_0036,http://example.org/kg/supportedBy,http://example.org/kg/chunk/22-2203_13450v3_rag__chunk_002,22-2203.13450v3_rag,22-2203.13450v3_rag::chunk_002,0.7992376387119293,CQ_S0_R1_0036
http://example.org/kg/cq/CQ_S0_R1_0036,http://example.org/kg/supportedBy,http://example.org/kg/chunk/42-1802_09841v1_rag__chunk_005,42-1802.09841v1_rag,42-1802.09841v1_rag::chunk_005,0.7991536855697632,CQ_S0_R1_0036
http://example.org/kg/cq/CQ_S0_R1_0020,http://example.org/kg/supportedBy,http://example.org/kg/chunk/47-P19-1586_rag__chunk_010,47-P19-1586_rag,47-P19-1586_rag::chunk_010,0.8096058368682861,CQ_S0_R1_0020
http://example.org/kg/cq/CQ_S0_R1_0020,http://example.org/kg/supportedBy,http://example.org/kg/chunk/22-2203_13450v3_rag__chunk_002,22-2203.13450v3_rag,22-2203.13450v3_rag::chunk_002,0.8001638650894165,CQ_S0_R1_0020
http://example.org/kg/cq/CQ_S0_R1_0020,http://example.org/kg/supportedBy,http://example.org/kg/chunk/26-2009_00236v2_rag__chunk_004,26-2009.00236v2_rag,26-2009.00236v2_rag::chunk_004,0.7971963286399841,CQ_S0_R1_0020
http://example.org/kg/cq/CQ_S0_R1_0020,http://example.org/kg/supportedBy,http://example.org/kg/chunk/26-2009_00236v2_rag__chunk_007,26-2009.00236v2_rag,26-2009.00236v2_rag::chunk_007,0.7930999994277954,CQ_S0_R1_0020
http://example.org/kg/cq/CQ_S0_R1_0020,http://example.org/kg/supportedBy,http://example.org/kg/chunk/51-1910_07153v2_rag__chunk_000,51-1910.07153v2_rag,51-1910.07153v2_rag::chunk_000,0.7919155955314636,CQ_S0_R1_0020
http://example.org/kg/cq/CQ_S0_R1_0030,http://example.org/kg/supportedBy,http://example.org/kg/chunk/22-2203_13450v3_rag__chunk_016,22-2203.13450v3_rag,22-2203.13450v3_rag::chunk_016,0.8412129878997803,CQ_S0_R1_0030
http://example.org/kg/cq/CQ_S0_R1_0030,http://example.org/kg/supportedBy,http://example.org/kg/chunk/22-2203_13450v3_rag__chunk_006,22-2203.13450v3_rag,22-2203.13450v3_rag::chunk_006,0.8311134874820709,CQ_S0_R1_0030
http://example.org/kg/cq/CQ_S0_R1_0030,http://example.org/kg/supportedBy,http://example.org/kg/chunk/22-2203_13450v3_rag__chunk_002,22-2203.13450v3_rag,22-2203.13450v3_rag::chunk_002,0.8065047860145569,CQ_S0_R1_0030
http://example.org/kg/cq/CQ_S0_R1_0030,http://example.org/kg/supportedBy,http://example.org/kg/chunk/17-2310_14230v3_rag__chunk_039,17-2310.14230v3_rag,17-2310.14230v3_rag::chunk_039,0.806421160697937,CQ_S0_R1_0030
http://example.org/kg/cq/CQ_S0_R1_0030,http://example.org/kg/supportedBy,http://example.org/kg/chunk/22-2203_13450v3_rag__chunk_015,22-2203.13450v3_rag,22-2203.13450v3_rag::chunk_015,0.8032485842704773,CQ_S0_R1_0030
http://example.org/kg/cq/CQ_S0_R1_0018,http://example.org/kg/supportedBy,http://example.org/kg/chunk/87-2112_01406v3_rag__chunk_003,87-2112.01406v3_rag,87-2112.01406v3_rag::chunk_003,0.77536740899086,CQ_S0_R1_0018
http://example.org/kg/cq/CQ_S0_R1_0018,http://example.org/kg/supportedBy,http://example.org/kg/chunk/22-2203_13450v3_rag__chunk_002,22-2203.13450v3_rag,22-2203.13450v3_rag::chunk_002,0.7730277478694916,CQ_S0_R1_0018
http://example.org/kg/cq/CQ_S0_R1_0018,http://example.org/kg/supportedBy,http://example.org/kg/chunk/50-1904_07848v2_rag__chunk_001,50-1904.07848v2_rag,50-1904.07848v2_rag::chunk_001,0.771245539188385,CQ_S0_R1_0018
http://example.org/kg/cq/CQ_S0_R1_0018,http://example.org/kg/supportedBy,http://example.org/kg/chunk/195-2007_08479v3_rag__chunk_002,195-2007.08479v3_rag,195-2007.08479v3_rag::chunk_002,0.7691812515258789,CQ_S0_R1_0018
http://example.org/kg/cq/CQ_S0_R1_0018,http://example.org/kg/supportedBy,http://example.org/kg/chunk/17-2310_14230v3_rag__chunk_040,17-2310.14230v3_rag,17-2310.14230v3_rag::chunk_040,0.7673198282718658,CQ_S0_R1_0018
http://example.org/kg/cq/CQ_S0_R1_0042,http://example.org/kg/supportedBy,http://example.org/kg/chunk/12-136850056_rag__chunk_011,12-136850056_rag,12-136850056_rag::chunk_011,0.7972087264060974,CQ_S0_R1_0042
http://example.org/kg/cq/CQ_S0_R1_0042,http://example.org/kg/supportedBy,http://example.org/kg/chunk/22-2203_13450v3_rag__chunk_016,22-2203.13450v3_rag,22-2203.13450v3_rag::chunk_016,0.795035719871521,CQ_S0_R1_0042
http://example.org/kg/cq/CQ_S0_R1_0042,http://example.org/kg/supportedBy,http://example.org/kg/chunk/12-136850056_rag__chunk_009,12-136850056_rag,12-136850056_rag::chunk_009,0.7937142252922058,CQ_S0_R1_0042
http://example.org/kg/cq/CQ_S0_R1_0042,http://example.org/kg/supportedBy,http://example.org/kg/chunk/17-2310_14230v3_rag__chunk_016,17-2310.14230v3_rag,17-2310.14230v3_rag::chunk_016,0.790850043296814,CQ_S0_R1_0042
http://example.org/kg/cq/CQ_S0_R1_0042,http://example.org/kg/supportedBy,http://example.org/kg/chunk/26-2009_00236v2_rag__chunk_017,26-2009.00236v2_rag,26-2009.00236v2_rag::chunk_017,0.7879433035850525,CQ_S0_R1_0042
http://example.org/kg/cq/CQ_S0_R1_0027,http://example.org/kg/supportedBy,http://example.org/kg/chunk/22-2203_13450v3_rag__chunk_016,22-2203.13450v3_rag,22-2203.13450v3_rag::chunk_016,0.8238873481750488,CQ_S0_R1_0027
http://example.org/kg/cq/CQ_S0_R1_0027,http://example.org/kg/supportedBy,http://example.org/kg/chunk/22-2203_13450v3_rag__chunk_006,22-2203.13450v3_rag,22-2203.13450v3_rag::chunk_006,0.799140214920044,CQ_S0_R1_0027
http://example.org/kg/cq/CQ_S0_R1_0027,http://example.org/kg/supportedBy,http://example.org/kg/chunk/22-2203_13450v3_rag__chunk_007,22-2203.13450v3_rag,22-2203.13450v3_rag::chunk_007,0.7911219596862793,CQ_S0_R1_0027
http://example.org/kg/cq/CQ_S0_R1_0027,http://example.org/kg/supportedBy,http://example.org/kg/chunk/22-2203_13450v3_rag__chunk_002,22-2203.13450v3_rag,22-2203.13450v3_rag::chunk_002,0.7872434258460999,CQ_S0_R1_0027
http://example.org/kg/cq/CQ_S0_R1_0027,http://example.org/kg/supportedBy,http://example.org/kg/chunk/22-2203_13450v3_rag__chunk_000,22-2203.13450v3_rag,22-2203.13450v3_rag::chunk_000,0.7862066924571991,CQ_S0_R1_0027
http://example.org/kg/cq/CQ_S0_R1_0155,http://example.org/kg/supportedBy,http://example.org/kg/chunk/113-2111_02275v2_rag__chunk_006,113-2111.02275v2_rag,113-2111.02275v2_rag::chunk_006,0.8157151937484741,CQ_S0_R1_0155
http://example.org/kg/cq/CQ_S0_R1_0155,http://example.org/kg/supportedBy,http://example.org/kg/chunk/113-2111_02275v2_rag__chunk_005,113-2111.02275v2_rag,113-2111.02275v2_rag::chunk_005,0.8134101033210754,CQ_S0_R1_0155
http://example.org/kg/cq/CQ_S0_R1_0155,http://example.org/kg/supportedBy,http://example.org/kg/chunk/35-1703_02910v1_rag__chunk_007,35-1703.02910v1_rag,35-1703.02910v1_rag::chunk_007,0.8071826994419098,CQ_S0_R1_0155
http://example.org/kg/cq/CQ_S0_R1_0155,http://example.org/kg/supportedBy,http://example.org/kg/chunk/113-2111_02275v2_rag__chunk_011,113-2111.02275v2_rag,113-2111.02275v2_rag::chunk_011,0.8071516752243042,CQ_S0_R1_0155
http://example.org/kg/cq/CQ_S0_R1_0155,http://example.org/kg/supportedBy,http://example.org/kg/chunk/35-1703_02910v1_rag__chunk_008,35-1703.02910v1_rag,35-1703.02910v1_rag::chunk_008,0.8038189709186554,CQ_S0_R1_0155
http://example.org/kg/cq/CQ_S0_R1_0151,http://example.org/kg/supportedBy,http://example.org/kg/chunk/6-lecun1998_rag__chunk_012,6-lecun1998_rag,6-lecun1998_rag::chunk_012,0.8134959638118744,CQ_S0_R1_0151
http://example.org/kg/cq/CQ_S0_R1_0151,http://example.org/kg/supportedBy,http://example.org/kg/chunk/6-lecun1998_rag__chunk_026,6-lecun1998_rag,6-lecun1998_rag::chunk_026,0.8079068064689636,CQ_S0_R1_0151
http://example.org/kg/cq/CQ_S0_R1_0151,http://example.org/kg/supportedBy,http://example.org/kg/chunk/6-lecun1998_rag__chunk_010,6-lecun1998_rag,6-lecun1998_rag::chunk_010,0.8040879964828491,CQ_S0_R1_0151
http://example.org/kg/cq/CQ_S0_R1_0151,http://example.org/kg/supportedBy,http://example.org/kg/chunk/6-lecun1998_rag__chunk_011,6-lecun1998_rag,6-lecun1998_rag::chunk_011,0.8012549579143524,CQ_S0_R1_0151
http://example.org/kg/cq/CQ_S0_R1_0151,http://example.org/kg/supportedBy,http://example.org/kg/chunk/130-2009_01797v3_rag__chunk_023,130-2009.01797v3_rag,130-2009.01797v3_rag::chunk_023,0.8011646568775177,CQ_S0_R1_0151
http://example.org/kg/cq/CQ_S0_R1_0165,http://example.org/kg/supportedBy,http://example.org/kg/chunk/53-2020_emnlp-main_638_rag__chunk_010,53-2020.emnlp-main.638_rag,53-2020.emnlp-main.638_rag::chunk_010,0.8239486515522003,CQ_S0_R1_0165
http://example.org/kg/cq/CQ_S0_R1_0165,http://example.org/kg/supportedBy,http://example.org/kg/chunk/19-1910_02923v2_rag__chunk_009,19-1910.02923v2_rag,19-1910.02923v2_rag::chunk_009,0.7977145314216614,CQ_S0_R1_0165
http://example.org/kg/cq/CQ_S0_R1_0165,http://example.org/kg/supportedBy,http://example.org/kg/chunk/17-2310_14230v3_rag__chunk_016,17-2310.14230v3_rag,17-2310.14230v3_rag::chunk_016,0.7929767668247223,CQ_S0_R1_0165
http://example.org/kg/cq/CQ_S0_R1_0165,http://example.org/kg/supportedBy,http://example.org/kg/chunk/49-1904_00370v3_rag__chunk_002,49-1904.00370v3_rag,49-1904.00370v3_rag::chunk_002,0.7926472425460815,CQ_S0_R1_0165
http://example.org/kg/cq/CQ_S0_R1_0165,http://example.org/kg/supportedBy,http://example.org/kg/chunk/21-0634_rag__chunk_003,21-0634_rag,21-0634_rag::chunk_003,0.7916990220546722,CQ_S0_R1_0165
http://example.org/kg/cq/CQ_S0_R1_0149,http://example.org/kg/supportedBy,http://example.org/kg/chunk/32-21378-Article_Text-25391-1-2-20220628_rag__chunk_004,32-21378-Article Text-25391-1-2-20220628_rag,32-21378-Article Text-25391-1-2-20220628_rag::chunk_004,0.8381229043006897,CQ_S0_R1_0149
http://example.org/kg/cq/CQ_S0_R1_0149,http://example.org/kg/supportedBy,http://example.org/kg/chunk/107-2206_12569v1_rag__chunk_002,107-2206.12569v1_rag,107-2206.12569v1_rag::chunk_002,0.8286861777305603,CQ_S0_R1_0149
http://example.org/kg/cq/CQ_S0_R1_0149,http://example.org/kg/supportedBy,http://example.org/kg/chunk/102-2203_07034v1_rag__chunk_004,102-2203.07034v1_rag,102-2203.07034v1_rag::chunk_004,0.8219702839851379,CQ_S0_R1_0149
http://example.org/kg/cq/CQ_S0_R1_0149,http://example.org/kg/supportedBy,http://example.org/kg/chunk/141-2021_acl-long_332_rag__chunk_003,141-2021.acl-long.332_rag,141-2021.acl-long.332_rag::chunk_003,0.8190751075744629,CQ_S0_R1_0149
http://example.org/kg/cq/CQ_S0_R1_0149,http://example.org/kg/supportedBy,http://example.org/kg/chunk/84-17714-Article_Text-21208-1-2-20210518_rag__chunk_008,84-17714-Article Text-21208-1-2-20210518_rag,84-17714-Article Text-21208-1-2-20210518_rag::chunk_008,0.8184915781021118,CQ_S0_R1_0149
http://example.org/kg/cq/CQ_S0_R1_0173,http://example.org/kg/supportedBy,http://example.org/kg/chunk/186-2201_11661v1_rag__chunk_016,186-2201.11661v1_rag,186-2201.11661v1_rag::chunk_016,0.7987880110740662,CQ_S0_R1_0173
http://example.org/kg/cq/CQ_S0_R1_0173,http://example.org/kg/supportedBy,http://example.org/kg/chunk/12-136850056_rag__chunk_005,12-136850056_rag,12-136850056_rag::chunk_005,0.7972570657730103,CQ_S0_R1_0173
http://example.org/kg/cq/CQ_S0_R1_0173,http://example.org/kg/supportedBy,http://example.org/kg/chunk/116-2104_14421v1_rag__chunk_013,116-2104.14421v1_rag,116-2104.14421v1_rag::chunk_013,0.7929889261722565,CQ_S0_R1_0173
http://example.org/kg/cq/CQ_S0_R1_0173,http://example.org/kg/supportedBy,http://example.org/kg/chunk/116-2104_14421v1_rag__chunk_020,116-2104.14421v1_rag,116-2104.14421v1_rag::chunk_020,0.7922778725624084,CQ_S0_R1_0173
http://example.org/kg/cq/CQ_S0_R1_0173,http://example.org/kg/supportedBy,http://example.org/kg/chunk/3-9B18871D-F72F-4437-891F-7FAA000D7A47_am1_rag__chunk_021,3-9B18871D-F72F-4437-891F-7FAA000D7A47 am1_rag,3-9B18871D-F72F-4437-891F-7FAA000D7A47 am1_rag::chunk_021,0.790616512298584,CQ_S0_R1_0173
http://example.org/kg/cq/CQ_S0_R1_0183,http://example.org/kg/supportedBy,http://example.org/kg/chunk/15-2210_10109v2_rag__chunk_014,15-2210.10109v2_rag,15-2210.10109v2_rag::chunk_014,0.8092467784881592,CQ_S0_R1_0183
http://example.org/kg/cq/CQ_S0_R1_0183,http://example.org/kg/supportedBy,http://example.org/kg/chunk/177-2005_07402v1_rag__chunk_001,177-2005.07402v1_rag,177-2005.07402v1_rag::chunk_001,0.8006694912910461,CQ_S0_R1_0183
http://example.org/kg/cq/CQ_S0_R1_0183,http://example.org/kg/supportedBy,http://example.org/kg/chunk/46-Gong_Deep_reinforcement_active_2020_Accepted_rag__chunk_010,46-Gong Deep reinforcement active 2020 Accepted_rag,46-Gong Deep reinforcement active 2020 Accepted_rag::chunk_010,0.8002965152263641,CQ_S0_R1_0183
http://example.org/kg/cq/CQ_S0_R1_0183,http://example.org/kg/supportedBy,http://example.org/kg/chunk/46-Gong_Deep_reinforcement_active_2020_Accepted_rag__chunk_011,46-Gong Deep reinforcement active 2020 Accepted_rag,46-Gong Deep reinforcement active 2020 Accepted_rag::chunk_011,0.7983088195323944,CQ_S0_R1_0183
http://example.org/kg/cq/CQ_S0_R1_0183,http://example.org/kg/supportedBy,http://example.org/kg/chunk/188-2211_08112v1_rag__chunk_010,188-2211.08112v1_rag,188-2211.08112v1_rag::chunk_010,0.7932246327400208,CQ_S0_R1_0183
http://example.org/kg/cq/CQ_S0_R1_0185,http://example.org/kg/supportedBy,http://example.org/kg/chunk/45-1906_08158v2_rag__chunk_002,45-1906.08158v2_rag,45-1906.08158v2_rag::chunk_002,0.842255175113678,CQ_S0_R1_0185
http://example.org/kg/cq/CQ_S0_R1_0185,http://example.org/kg/supportedBy,http://example.org/kg/chunk/48-1904_11643v1_rag__chunk_006,48-1904.11643v1_rag,48-1904.11643v1_rag::chunk_006,0.8351674377918243,CQ_S0_R1_0185
http://example.org/kg/cq/CQ_S0_R1_0185,http://example.org/kg/supportedBy,http://example.org/kg/chunk/107-2206_12569v1_rag__chunk_010,107-2206.12569v1_rag,107-2206.12569v1_rag::chunk_010,0.8296149373054504,CQ_S0_R1_0185
http://example.org/kg/cq/CQ_S0_R1_0185,http://example.org/kg/supportedBy,http://example.org/kg/chunk/113-2111_02275v2_rag__chunk_005,113-2111.02275v2_rag,113-2111.02275v2_rag::chunk_005,0.8293113112449646,CQ_S0_R1_0185
http://example.org/kg/cq/CQ_S0_R1_0185,http://example.org/kg/supportedBy,http://example.org/kg/chunk/113-2111_02275v2_rag__chunk_007,113-2111.02275v2_rag,113-2111.02275v2_rag::chunk_007,0.8225122690200806,CQ_S0_R1_0185
http://example.org/kg/cq/CQ_S0_R1_0153,http://example.org/kg/supportedBy,http://example.org/kg/chunk/19-1910_02923v2_rag__chunk_014,19-1910.02923v2_rag,19-1910.02923v2_rag::chunk_014,0.8246021866798401,CQ_S0_R1_0153
http://example.org/kg/cq/CQ_S0_R1_0153,http://example.org/kg/supportedBy,http://example.org/kg/chunk/184-2101_11665v2_rag__chunk_001,184-2101.11665v2_rag,184-2101.11665v2_rag::chunk_001,0.8227196335792542,CQ_S0_R1_0153
http://example.org/kg/cq/CQ_S0_R1_0153,http://example.org/kg/supportedBy,http://example.org/kg/chunk/127-1909_03585v1_rag__chunk_001,127-1909.03585v1_rag,127-1909.03585v1_rag::chunk_001,0.8176758885383606,CQ_S0_R1_0153
http://example.org/kg/cq/CQ_S0_R1_0153,http://example.org/kg/supportedBy,http://example.org/kg/chunk/127-1909_03585v1_rag__chunk_015,127-1909.03585v1_rag,127-1909.03585v1_rag::chunk_015,0.8172152042388916,CQ_S0_R1_0153
http://example.org/kg/cq/CQ_S0_R1_0153,http://example.org/kg/supportedBy,http://example.org/kg/chunk/54-2107_14153v1_rag__chunk_001,54-2107.14153v1_rag,54-2107.14153v1_rag::chunk_001,0.8168125748634338,CQ_S0_R1_0153
http://example.org/kg/cq/CQ_S0_R1_0179,http://example.org/kg/supportedBy,http://example.org/kg/chunk/60-2022_findings-emnlp_235_rag__chunk_010,60-2022.findings-emnlp.235_rag,60-2022.findings-emnlp.235_rag::chunk_010,0.8336294293403625,CQ_S0_R1_0179
http://example.org/kg/cq/CQ_S0_R1_0179,http://example.org/kg/supportedBy,http://example.org/kg/chunk/131-2007_04637v3_rag__chunk_010,131-2007.04637v3_rag,131-2007.04637v3_rag::chunk_010,0.8174515068531036,CQ_S0_R1_0179
http://example.org/kg/cq/CQ_S0_R1_0179,http://example.org/kg/supportedBy,http://example.org/kg/chunk/35-1703_02910v1_rag__chunk_008,35-1703.02910v1_rag,35-1703.02910v1_rag::chunk_008,0.8174437284469604,CQ_S0_R1_0179
http://example.org/kg/cq/CQ_S0_R1_0179,http://example.org/kg/supportedBy,http://example.org/kg/chunk/112-1487_rag__chunk_010,112-1487_rag,112-1487_rag::chunk_010,0.8135543763637543,CQ_S0_R1_0179
http://example.org/kg/cq/CQ_S0_R1_0179,http://example.org/kg/supportedBy,http://example.org/kg/chunk/58-2107_02331v1_rag__chunk_010,58-2107.02331v1_rag,58-2107.02331v1_rag::chunk_010,0.8134712278842926,CQ_S0_R1_0179
http://example.org/kg/cq/CQ_S0_R1_0161,http://example.org/kg/supportedBy,http://example.org/kg/chunk/59-2022_findings-emnlp_80_rag__chunk_013,59-2022.findings-emnlp.80_rag,59-2022.findings-emnlp.80_rag::chunk_013,0.8284845054149628,CQ_S0_R1_0161
http://example.org/kg/cq/CQ_S0_R1_0161,http://example.org/kg/supportedBy,http://example.org/kg/chunk/183-NeurIPS-2022-active-learning-for-multiple-target-models-Paper-Conference_rag__chunk_012,183-NeurIPS-2022-active-learning-for-multiple-target-models-Paper-Conference_rag,183-NeurIPS-2022-active-learning-for-multiple-target-models-Paper-Conference_rag::chunk_012,0.8095938563346863,CQ_S0_R1_0161
http://example.org/kg/cq/CQ_S0_R1_0161,http://example.org/kg/supportedBy,http://example.org/kg/chunk/26-2009_00236v2_rag__chunk_005,26-2009.00236v2_rag,26-2009.00236v2_rag::chunk_005,0.8073865175247192,CQ_S0_R1_0161
http://example.org/kg/cq/CQ_S0_R1_0161,http://example.org/kg/supportedBy,http://example.org/kg/chunk/191-2110_08611v2_rag__chunk_012,191-2110.08611v2_rag,191-2110.08611v2_rag::chunk_012,0.8073086738586426,CQ_S0_R1_0161
http://example.org/kg/cq/CQ_S0_R1_0161,http://example.org/kg/supportedBy,http://example.org/kg/chunk/26-2009_00236v2_rag__chunk_008,26-2009.00236v2_rag,26-2009.00236v2_rag::chunk_008,0.8071556985378265,CQ_S0_R1_0161
http://example.org/kg/cq/CQ_S0_R1_0145,http://example.org/kg/supportedBy,http://example.org/kg/chunk/26-2009_00236v2_rag__chunk_010,26-2009.00236v2_rag,26-2009.00236v2_rag::chunk_010,0.8072774410247803,CQ_S0_R1_0145
http://example.org/kg/cq/CQ_S0_R1_0145,http://example.org/kg/supportedBy,http://example.org/kg/chunk/26-2009_00236v2_rag__chunk_012,26-2009.00236v2_rag,26-2009.00236v2_rag::chunk_012,0.8067637383937836,CQ_S0_R1_0145
http://example.org/kg/cq/CQ_S0_R1_0145,http://example.org/kg/supportedBy,http://example.org/kg/chunk/22-2203_13450v3_rag__chunk_002,22-2203.13450v3_rag,22-2203.13450v3_rag::chunk_002,0.8042572736740112,CQ_S0_R1_0145
http://example.org/kg/cq/CQ_S0_R1_0145,http://example.org/kg/supportedBy,http://example.org/kg/chunk/22-2203_13450v3_rag__chunk_003,22-2203.13450v3_rag,22-2203.13450v3_rag::chunk_003,0.8032753765583038,CQ_S0_R1_0145
http://example.org/kg/cq/CQ_S0_R1_0145,http://example.org/kg/supportedBy,http://example.org/kg/chunk/31-2020_emnlp-main_637_rag__chunk_003,31-2020.emnlp-main.637_rag,31-2020.emnlp-main.637_rag::chunk_003,0.7986406087875366,CQ_S0_R1_0145
http://example.org/kg/cq/CQ_S0_R1_0159,http://example.org/kg/supportedBy,http://example.org/kg/chunk/22-2203_13450v3_rag__chunk_016,22-2203.13450v3_rag,22-2203.13450v3_rag::chunk_016,0.7915226221084595,CQ_S0_R1_0159
http://example.org/kg/cq/CQ_S0_R1_0159,http://example.org/kg/supportedBy,http://example.org/kg/chunk/26-2009_00236v2_rag__chunk_017,26-2009.00236v2_rag,26-2009.00236v2_rag::chunk_017,0.784777045249939,CQ_S0_R1_0159
http://example.org/kg/cq/CQ_S0_R1_0159,http://example.org/kg/supportedBy,http://example.org/kg/chunk/24-active-survey_rag__chunk_031,24-active-survey_rag,24-active-survey_rag::chunk_031,0.7840874791145325,CQ_S0_R1_0159
http://example.org/kg/cq/CQ_S0_R1_0159,http://example.org/kg/supportedBy,http://example.org/kg/chunk/22-2203_13450v3_rag__chunk_015,22-2203.13450v3_rag,22-2203.13450v3_rag::chunk_015,0.781837522983551,CQ_S0_R1_0159
http://example.org/kg/cq/CQ_S0_R1_0159,http://example.org/kg/supportedBy,http://example.org/kg/chunk/22-2203_13450v3_rag__chunk_002,22-2203.13450v3_rag,22-2203.13450v3_rag::chunk_002,0.7808222770690918,CQ_S0_R1_0159
http://example.org/kg/cq/CQ_S0_R1_0147,http://example.org/kg/supportedBy,http://example.org/kg/chunk/194-2003_11249v2_rag__chunk_012,194-2003.11249v2_rag,194-2003.11249v2_rag::chunk_012,0.7970384359359741,CQ_S0_R1_0147
http://example.org/kg/cq/CQ_S0_R1_0147,http://example.org/kg/supportedBy,http://example.org/kg/chunk/194-2003_11249v2_rag__chunk_011,194-2003.11249v2_rag,194-2003.11249v2_rag::chunk_011,0.7963263690471649,CQ_S0_R1_0147
http://example.org/kg/cq/CQ_S0_R1_0147,http://example.org/kg/supportedBy,http://example.org/kg/chunk/127-1909_03585v1_rag__chunk_010,127-1909.03585v1_rag,127-1909.03585v1_rag::chunk_010,0.7907919883728027,CQ_S0_R1_0147
http://example.org/kg/cq/CQ_S0_R1_0147,http://example.org/kg/supportedBy,http://example.org/kg/chunk/53-2020_emnlp-main_638_rag__chunk_004,53-2020.emnlp-main.638_rag,53-2020.emnlp-main.638_rag::chunk_004,0.7887590527534485,CQ_S0_R1_0147
http://example.org/kg/cq/CQ_S0_R1_0147,http://example.org/kg/supportedBy,http://example.org/kg/chunk/53-2020_emnlp-main_638_rag__chunk_012,53-2020.emnlp-main.638_rag,53-2020.emnlp-main.638_rag::chunk_012,0.7861648797988892,CQ_S0_R1_0147
http://example.org/kg/cq/CQ_S0_R1_0163,http://example.org/kg/supportedBy,http://example.org/kg/chunk/48-1904_11643v1_rag__chunk_006,48-1904.11643v1_rag,48-1904.11643v1_rag::chunk_006,0.8132386803627014,CQ_S0_R1_0163
http://example.org/kg/cq/CQ_S0_R1_0163,http://example.org/kg/supportedBy,http://example.org/kg/chunk/35-1703_02910v1_rag__chunk_008,35-1703.02910v1_rag,35-1703.02910v1_rag::chunk_008,0.8118641376495361,CQ_S0_R1_0163
http://example.org/kg/cq/CQ_S0_R1_0163,http://example.org/kg/supportedBy,http://example.org/kg/chunk/113-2111_02275v2_rag__chunk_005,113-2111.02275v2_rag,113-2111.02275v2_rag::chunk_005,0.8115248084068298,CQ_S0_R1_0163
http://example.org/kg/cq/CQ_S0_R1_0163,http://example.org/kg/supportedBy,http://example.org/kg/chunk/45-1906_08158v2_rag__chunk_002,45-1906.08158v2_rag,45-1906.08158v2_rag::chunk_002,0.81027752161026,CQ_S0_R1_0163
http://example.org/kg/cq/CQ_S0_R1_0163,http://example.org/kg/supportedBy,http://example.org/kg/chunk/113-2111_02275v2_rag__chunk_006,113-2111.02275v2_rag,113-2111.02275v2_rag::chunk_006,0.8092773854732513,CQ_S0_R1_0163
http://example.org/kg/cq/CQ_S0_R1_0189,http://example.org/kg/supportedBy,http://example.org/kg/chunk/179-2210_02442v1_rag__chunk_007,179-2210.02442v1_rag,179-2210.02442v1_rag::chunk_007,0.8113085627555847,CQ_S0_R1_0189
http://example.org/kg/cq/CQ_S0_R1_0189,http://example.org/kg/supportedBy,http://example.org/kg/chunk/196-2011_01285v1_rag__chunk_009,196-2011.01285v1_rag,196-2011.01285v1_rag::chunk_009,0.792757511138916,CQ_S0_R1_0189
http://example.org/kg/cq/CQ_S0_R1_0189,http://example.org/kg/supportedBy,http://example.org/kg/chunk/26-2009_00236v2_rag__chunk_010,26-2009.00236v2_rag,26-2009.00236v2_rag::chunk_010,0.7926971614360809,CQ_S0_R1_0189
http://example.org/kg/cq/CQ_S0_R1_0189,http://example.org/kg/supportedBy,http://example.org/kg/chunk/201-2202_02794v4_rag__chunk_002,201-2202.02794v4_rag,201-2202.02794v4_rag::chunk_002,0.7908071875572205,CQ_S0_R1_0189
http://example.org/kg/cq/CQ_S0_R1_0189,http://example.org/kg/supportedBy,http://example.org/kg/chunk/179-2210_02442v1_rag__chunk_001,179-2210.02442v1_rag,179-2210.02442v1_rag::chunk_001,0.7891145348548889,CQ_S0_R1_0189
http://example.org/kg/cq/CQ_S0_R1_0167,http://example.org/kg/supportedBy,http://example.org/kg/chunk/84-17714-Article_Text-21208-1-2-20210518_rag__chunk_008,84-17714-Article Text-21208-1-2-20210518_rag,84-17714-Article Text-21208-1-2-20210518_rag::chunk_008,0.8565653562545776,CQ_S0_R1_0167
http://example.org/kg/cq/CQ_S0_R1_0167,http://example.org/kg/supportedBy,http://example.org/kg/chunk/164-nihms958486_rag__chunk_004,164-nihms958486_rag,164-nihms958486_rag::chunk_004,0.8389679491519928,CQ_S0_R1_0167
http://example.org/kg/cq/CQ_S0_R1_0167,http://example.org/kg/supportedBy,http://example.org/kg/chunk/56-2011_04194v3_rag__chunk_012,56-2011.04194v3_rag,56-2011.04194v3_rag::chunk_012,0.8383210897445679,CQ_S0_R1_0167
http://example.org/kg/cq/CQ_S0_R1_0167,http://example.org/kg/supportedBy,http://example.org/kg/chunk/36-1701_03551v1_rag__chunk_003,36-1701.03551v1_rag,36-1701.03551v1_rag::chunk_003,0.8264368176460266,CQ_S0_R1_0167
http://example.org/kg/cq/CQ_S0_R1_0167,http://example.org/kg/supportedBy,http://example.org/kg/chunk/174-2310_00283v1_rag__chunk_010,174-2310.00283v1_rag,174-2310.00283v1_rag::chunk_010,0.8249582350254059,CQ_S0_R1_0167
http://example.org/kg/cq/CQ_S0_R1_0177,http://example.org/kg/supportedBy,http://example.org/kg/chunk/96-2007_00077v2_rag__chunk_008,96-2007.00077v2_rag,96-2007.00077v2_rag::chunk_008,0.8059589266777039,CQ_S0_R1_0177
http://example.org/kg/cq/CQ_S0_R1_0177,http://example.org/kg/supportedBy,http://example.org/kg/chunk/25-mathematics-11-00820_rag__chunk_025,25-mathematics-11-00820_rag,25-mathematics-11-00820_rag::chunk_025,0.7974376380443573,CQ_S0_R1_0177
http://example.org/kg/cq/CQ_S0_R1_0177,http://example.org/kg/supportedBy,http://example.org/kg/chunk/42-1802_09841v1_rag__chunk_001,42-1802.09841v1_rag,42-1802.09841v1_rag::chunk_001,0.7956727147102356,CQ_S0_R1_0177
http://example.org/kg/cq/CQ_S0_R1_0177,http://example.org/kg/supportedBy,http://example.org/kg/chunk/24-active-survey_rag__chunk_026,24-active-survey_rag,24-active-survey_rag::chunk_026,0.7943629622459412,CQ_S0_R1_0177
http://example.org/kg/cq/CQ_S0_R1_0177,http://example.org/kg/supportedBy,http://example.org/kg/chunk/13-2205_09329v2_rag__chunk_000,13-2205.09329v2_rag,13-2205.09329v2_rag::chunk_000,0.7937258183956146,CQ_S0_R1_0177
http://example.org/kg/cq/CQ_S0_R1_0171,http://example.org/kg/supportedBy,http://example.org/kg/chunk/35-1703_02910v1_rag__chunk_007,35-1703.02910v1_rag,35-1703.02910v1_rag::chunk_007,0.8130554556846619,CQ_S0_R1_0171
http://example.org/kg/cq/CQ_S0_R1_0171,http://example.org/kg/supportedBy,http://example.org/kg/chunk/35-1703_02910v1_rag__chunk_008,35-1703.02910v1_rag,35-1703.02910v1_rag::chunk_008,0.810592770576477,CQ_S0_R1_0171
http://example.org/kg/cq/CQ_S0_R1_0171,http://example.org/kg/supportedBy,http://example.org/kg/chunk/186-2201_11661v1_rag__chunk_003,186-2201.11661v1_rag,186-2201.11661v1_rag::chunk_003,0.8074371814727783,CQ_S0_R1_0171
http://example.org/kg/cq/CQ_S0_R1_0171,http://example.org/kg/supportedBy,http://example.org/kg/chunk/56-2011_04194v3_rag__chunk_010,56-2011.04194v3_rag,56-2011.04194v3_rag::chunk_010,0.8026437163352966,CQ_S0_R1_0171
http://example.org/kg/cq/CQ_S0_R1_0171,http://example.org/kg/supportedBy,http://example.org/kg/chunk/149-2204_07965v1_rag__chunk_011,149-2204.07965v1_rag,149-2204.07965v1_rag::chunk_011,0.8022807836532593,CQ_S0_R1_0171
http://example.org/kg/cq/CQ_S0_R1_0187,http://example.org/kg/supportedBy,http://example.org/kg/chunk/22-2203_13450v3_rag__chunk_006,22-2203.13450v3_rag,22-2203.13450v3_rag::chunk_006,0.8172776103019714,CQ_S0_R1_0187
http://example.org/kg/cq/CQ_S0_R1_0187,http://example.org/kg/supportedBy,http://example.org/kg/chunk/22-2203_13450v3_rag__chunk_016,22-2203.13450v3_rag,22-2203.13450v3_rag::chunk_016,0.8138065934181213,CQ_S0_R1_0187
http://example.org/kg/cq/CQ_S0_R1_0187,http://example.org/kg/supportedBy,http://example.org/kg/chunk/22-2203_13450v3_rag__chunk_015,22-2203.13450v3_rag,22-2203.13450v3_rag::chunk_015,0.8091142773628235,CQ_S0_R1_0187
http://example.org/kg/cq/CQ_S0_R1_0187,http://example.org/kg/supportedBy,http://example.org/kg/chunk/26-2009_00236v2_rag__chunk_016,26-2009.00236v2_rag,26-2009.00236v2_rag::chunk_016,0.8052605986595154,CQ_S0_R1_0187
http://example.org/kg/cq/CQ_S0_R1_0187,http://example.org/kg/supportedBy,http://example.org/kg/chunk/22-2203_13450v3_rag__chunk_012,22-2203.13450v3_rag,22-2203.13450v3_rag::chunk_012,0.8039332628250122,CQ_S0_R1_0187
http://example.org/kg/cq/CQ_S0_R1_0175,http://example.org/kg/supportedBy,http://example.org/kg/chunk/186-2201_11661v1_rag__chunk_011,186-2201.11661v1_rag,186-2201.11661v1_rag::chunk_011,0.816505491733551,CQ_S0_R1_0175
http://example.org/kg/cq/CQ_S0_R1_0175,http://example.org/kg/supportedBy,http://example.org/kg/chunk/113-2111_02275v2_rag__chunk_005,113-2111.02275v2_rag,113-2111.02275v2_rag::chunk_005,0.8154128193855286,CQ_S0_R1_0175
http://example.org/kg/cq/CQ_S0_R1_0175,http://example.org/kg/supportedBy,http://example.org/kg/chunk/112-1487_rag__chunk_001,112-1487_rag,112-1487_rag::chunk_001,0.8144533038139343,CQ_S0_R1_0175
http://example.org/kg/cq/CQ_S0_R1_0175,http://example.org/kg/supportedBy,http://example.org/kg/chunk/186-2201_11661v1_rag__chunk_002,186-2201.11661v1_rag,186-2201.11661v1_rag::chunk_002,0.8143744468688965,CQ_S0_R1_0175
http://example.org/kg/cq/CQ_S0_R1_0175,http://example.org/kg/supportedBy,http://example.org/kg/chunk/24-active-survey_rag__chunk_035,24-active-survey_rag,24-active-survey_rag::chunk_035,0.8141765296459198,CQ_S0_R1_0175
http://example.org/kg/cq/CQ_S0_R1_0191,http://example.org/kg/supportedBy,http://example.org/kg/chunk/26-2009_00236v2_rag__chunk_017,26-2009.00236v2_rag,26-2009.00236v2_rag::chunk_017,0.805446594953537,CQ_S0_R1_0191
http://example.org/kg/cq/CQ_S0_R1_0191,http://example.org/kg/supportedBy,http://example.org/kg/chunk/22-2203_13450v3_rag__chunk_016,22-2203.13450v3_rag,22-2203.13450v3_rag::chunk_016,0.8036788702011108,CQ_S0_R1_0191
http://example.org/kg/cq/CQ_S0_R1_0191,http://example.org/kg/supportedBy,http://example.org/kg/chunk/22-2203_13450v3_rag__chunk_006,22-2203.13450v3_rag,22-2203.13450v3_rag::chunk_006,0.79877570271492,CQ_S0_R1_0191
http://example.org/kg/cq/CQ_S0_R1_0191,http://example.org/kg/supportedBy,http://example.org/kg/chunk/22-2203_13450v3_rag__chunk_001,22-2203.13450v3_rag,22-2203.13450v3_rag::chunk_001,0.7970191836357117,CQ_S0_R1_0191
http://example.org/kg/cq/CQ_S0_R1_0191,http://example.org/kg/supportedBy,http://example.org/kg/chunk/20-2211_14819v2_rag__chunk_006,20-2211.14819v2_rag,20-2211.14819v2_rag::chunk_006,0.7964794337749481,CQ_S0_R1_0191
http://example.org/kg/cq/CQ_S0_R1_0169,http://example.org/kg/supportedBy,http://example.org/kg/chunk/138-2105_10155v2_rag__chunk_002,138-2105.10155v2_rag,138-2105.10155v2_rag::chunk_002,0.8301973342895508,CQ_S0_R1_0169
http://example.org/kg/cq/CQ_S0_R1_0169,http://example.org/kg/supportedBy,http://example.org/kg/chunk/112-1487_rag__chunk_002,112-1487_rag,112-1487_rag::chunk_002,0.81734499335289,CQ_S0_R1_0169
http://example.org/kg/cq/CQ_S0_R1_0169,http://example.org/kg/supportedBy,http://example.org/kg/chunk/112-1487_rag__chunk_010,112-1487_rag,112-1487_rag::chunk_010,0.8149591982364655,CQ_S0_R1_0169
http://example.org/kg/cq/CQ_S0_R1_0169,http://example.org/kg/supportedBy,http://example.org/kg/chunk/35-1703_02910v1_rag__chunk_008,35-1703.02910v1_rag,35-1703.02910v1_rag::chunk_008,0.8127163052558899,CQ_S0_R1_0169
http://example.org/kg/cq/CQ_S0_R1_0169,http://example.org/kg/supportedBy,http://example.org/kg/chunk/17-2310_14230v3_rag__chunk_009,17-2310.14230v3_rag,17-2310.14230v3_rag::chunk_009,0.8105187118053436,CQ_S0_R1_0169
http://example.org/kg/cq/CQ_S0_R1_0181,http://example.org/kg/supportedBy,http://example.org/kg/chunk/128-9608-Article_Text-13136-1-2-20201228_rag__chunk_004,128-9608-Article Text-13136-1-2-20201228_rag,128-9608-Article Text-13136-1-2-20201228_rag::chunk_004,0.8150916993618011,CQ_S0_R1_0181
http://example.org/kg/cq/CQ_S0_R1_0181,http://example.org/kg/supportedBy,http://example.org/kg/chunk/17-2310_14230v3_rag__chunk_035,17-2310.14230v3_rag,17-2310.14230v3_rag::chunk_035,0.8061200380325317,CQ_S0_R1_0181
http://example.org/kg/cq/CQ_S0_R1_0181,http://example.org/kg/supportedBy,http://example.org/kg/chunk/28-s10994-023-06454-2_rag__chunk_009,28-s10994-023-06454-2_rag,28-s10994-023-06454-2_rag::chunk_009,0.8001812696456909,CQ_S0_R1_0181
http://example.org/kg/cq/CQ_S0_R1_0181,http://example.org/kg/supportedBy,http://example.org/kg/chunk/54-2107_14153v1_rag__chunk_008,54-2107.14153v1_rag,54-2107.14153v1_rag::chunk_008,0.7996867895126343,CQ_S0_R1_0181
http://example.org/kg/cq/CQ_S0_R1_0181,http://example.org/kg/supportedBy,http://example.org/kg/chunk/54-2107_14153v1_rag__chunk_014,54-2107.14153v1_rag,54-2107.14153v1_rag::chunk_014,0.7970573306083679,CQ_S0_R1_0181
http://example.org/kg/cq/CQ_S0_R1_0157,http://example.org/kg/supportedBy,http://example.org/kg/chunk/28-s10994-023-06454-2_rag__chunk_009,28-s10994-023-06454-2_rag,28-s10994-023-06454-2_rag::chunk_009,0.8723953366279602,CQ_S0_R1_0157
http://example.org/kg/cq/CQ_S0_R1_0157,http://example.org/kg/supportedBy,http://example.org/kg/chunk/25-mathematics-11-00820_rag__chunk_004,25-mathematics-11-00820_rag,25-mathematics-11-00820_rag::chunk_004,0.8513481914997101,CQ_S0_R1_0157
http://example.org/kg/cq/CQ_S0_R1_0157,http://example.org/kg/supportedBy,http://example.org/kg/chunk/51-1910_07153v2_rag__chunk_000,51-1910.07153v2_rag,51-1910.07153v2_rag::chunk_000,0.8488848805427551,CQ_S0_R1_0157
http://example.org/kg/cq/CQ_S0_R1_0157,http://example.org/kg/supportedBy,http://example.org/kg/chunk/20-2211_14819v2_rag__chunk_009,20-2211.14819v2_rag,20-2211.14819v2_rag::chunk_009,0.8477137386798859,CQ_S0_R1_0157
http://example.org/kg/cq/CQ_S0_R1_0157,http://example.org/kg/supportedBy,http://example.org/kg/chunk/2-TNNLS2020_Bin_rag__chunk_017,2-TNNLS2020_Bin_rag,2-TNNLS2020_Bin_rag::chunk_017,0.8454532623291016,CQ_S0_R1_0157
http://example.org/kg/cq/CQ_S0_R1_0150,http://example.org/kg/supportedBy,http://example.org/kg/chunk/60-2022_findings-emnlp_235_rag__chunk_003,60-2022.findings-emnlp.235_rag,60-2022.findings-emnlp.235_rag::chunk_003,0.8245596289634705,CQ_S0_R1_0150
http://example.org/kg/cq/CQ_S0_R1_0150,http://example.org/kg/supportedBy,http://example.org/kg/chunk/60-2022_findings-emnlp_235_rag__chunk_006,60-2022.findings-emnlp.235_rag,60-2022.findings-emnlp.235_rag::chunk_006,0.7904743552207947,CQ_S0_R1_0150
http://example.org/kg/cq/CQ_S0_R1_0150,http://example.org/kg/supportedBy,http://example.org/kg/chunk/201-2202_02794v4_rag__chunk_002,201-2202.02794v4_rag,201-2202.02794v4_rag::chunk_002,0.7880828380584717,CQ_S0_R1_0150
http://example.org/kg/cq/CQ_S0_R1_0150,http://example.org/kg/supportedBy,http://example.org/kg/chunk/26-2009_00236v2_rag__chunk_008,26-2009.00236v2_rag,26-2009.00236v2_rag::chunk_008,0.7867425680160522,CQ_S0_R1_0150
http://example.org/kg/cq/CQ_S0_R1_0150,http://example.org/kg/supportedBy,http://example.org/kg/chunk/26-2009_00236v2_rag__chunk_012,26-2009.00236v2_rag,26-2009.00236v2_rag::chunk_012,0.7822601795196533,CQ_S0_R1_0150
http://example.org/kg/cq/CQ_S0_R1_0162,http://example.org/kg/supportedBy,http://example.org/kg/chunk/22-2203_13450v3_rag__chunk_003,22-2203.13450v3_rag,22-2203.13450v3_rag::chunk_003,0.7898439764976501,CQ_S0_R1_0162
http://example.org/kg/cq/CQ_S0_R1_0162,http://example.org/kg/supportedBy,http://example.org/kg/chunk/30-2210_04137v2_rag__chunk_014,30-2210.04137v2_rag,30-2210.04137v2_rag::chunk_014,0.7876407504081726,CQ_S0_R1_0162
http://example.org/kg/cq/CQ_S0_R1_0162,http://example.org/kg/supportedBy,http://example.org/kg/chunk/22-2203_13450v3_rag__chunk_006,22-2203.13450v3_rag,22-2203.13450v3_rag::chunk_006,0.7864924967288971,CQ_S0_R1_0162
http://example.org/kg/cq/CQ_S0_R1_0162,http://example.org/kg/supportedBy,http://example.org/kg/chunk/12-136850056_rag__chunk_000,12-136850056_rag,12-136850056_rag::chunk_000,0.7847122550010681,CQ_S0_R1_0162
http://example.org/kg/cq/CQ_S0_R1_0162,http://example.org/kg/supportedBy,http://example.org/kg/chunk/102-2203_07034v1_rag__chunk_004,102-2203.07034v1_rag,102-2203.07034v1_rag::chunk_004,0.7841632068157196,CQ_S0_R1_0162
http://example.org/kg/cq/CQ_S0_R1_0148,http://example.org/kg/supportedBy,http://example.org/kg/chunk/107-2206_12569v1_rag__chunk_002,107-2206.12569v1_rag,107-2206.12569v1_rag::chunk_002,0.8270309567451477,CQ_S0_R1_0148
http://example.org/kg/cq/CQ_S0_R1_0148,http://example.org/kg/supportedBy,http://example.org/kg/chunk/35-1703_02910v1_rag__chunk_007,35-1703.02910v1_rag,35-1703.02910v1_rag::chunk_007,0.8242441415786743,CQ_S0_R1_0148
http://example.org/kg/cq/CQ_S0_R1_0148,http://example.org/kg/supportedBy,http://example.org/kg/chunk/35-1703_02910v1_rag__chunk_008,35-1703.02910v1_rag,35-1703.02910v1_rag::chunk_008,0.8208032250404358,CQ_S0_R1_0148
http://example.org/kg/cq/CQ_S0_R1_0148,http://example.org/kg/supportedBy,http://example.org/kg/chunk/112-1487_rag__chunk_010,112-1487_rag,112-1487_rag::chunk_010,0.8199796974658966,CQ_S0_R1_0148
http://example.org/kg/cq/CQ_S0_R1_0148,http://example.org/kg/supportedBy,http://example.org/kg/chunk/113-2111_02275v2_rag__chunk_007,113-2111.02275v2_rag,113-2111.02275v2_rag::chunk_007,0.8167267441749573,CQ_S0_R1_0148
http://example.org/kg/cq/CQ_S0_R1_0174,http://example.org/kg/supportedBy,http://example.org/kg/chunk/191-2110_08611v2_rag__chunk_013,191-2110.08611v2_rag,191-2110.08611v2_rag::chunk_013,0.7995748221874237,CQ_S0_R1_0174
http://example.org/kg/cq/CQ_S0_R1_0174,http://example.org/kg/supportedBy,http://example.org/kg/chunk/40-1702_07956v5_rag__chunk_008,40-1702.07956v5_rag,40-1702.07956v5_rag::chunk_008,0.7845629453659058,CQ_S0_R1_0174
http://example.org/kg/cq/CQ_S0_R1_0174,http://example.org/kg/supportedBy,http://example.org/kg/chunk/23-KAIS_Fu_2013_Active_rag__chunk_015,23-KAIS.Fu.2013.Active_rag,23-KAIS.Fu.2013.Active_rag::chunk_015,0.7830139100551605,CQ_S0_R1_0174
http://example.org/kg/cq/CQ_S0_R1_0174,http://example.org/kg/supportedBy,http://example.org/kg/chunk/26-2009_00236v2_rag__chunk_010,26-2009.00236v2_rag,26-2009.00236v2_rag::chunk_010,0.7805303931236267,CQ_S0_R1_0174
http://example.org/kg/cq/CQ_S0_R1_0174,http://example.org/kg/supportedBy,http://example.org/kg/chunk/127-1909_03585v1_rag__chunk_010,127-1909.03585v1_rag,127-1909.03585v1_rag::chunk_010,0.780028223991394,CQ_S0_R1_0174
http://example.org/kg/cq/CQ_S0_R1_0156,http://example.org/kg/supportedBy,http://example.org/kg/chunk/7-1706_03762v7_rag__chunk_001,7-1706.03762v7_rag,7-1706.03762v7_rag::chunk_001,0.8001160025596619,CQ_S0_R1_0156
http://example.org/kg/cq/CQ_S0_R1_0156,http://example.org/kg/supportedBy,http://example.org/kg/chunk/7-1706_03762v7_rag__chunk_000,7-1706.03762v7_rag,7-1706.03762v7_rag::chunk_000,0.7931770086288452,CQ_S0_R1_0156
http://example.org/kg/cq/CQ_S0_R1_0156,http://example.org/kg/supportedBy,http://example.org/kg/chunk/7-1706_03762v7_rag__chunk_010,7-1706.03762v7_rag,7-1706.03762v7_rag::chunk_010,0.7888840138912201,CQ_S0_R1_0156
http://example.org/kg/cq/CQ_S0_R1_0156,http://example.org/kg/supportedBy,http://example.org/kg/chunk/188-2211_08112v1_rag__chunk_010,188-2211.08112v1_rag,188-2211.08112v1_rag::chunk_010,0.7878339886665344,CQ_S0_R1_0156
http://example.org/kg/cq/CQ_S0_R1_0156,http://example.org/kg/supportedBy,http://example.org/kg/chunk/77-2021_naacl-demos_12_rag__chunk_001,77-2021.naacl-demos.12_rag,77-2021.naacl-demos.12_rag::chunk_001,0.7841539978981018,CQ_S0_R1_0156
http://example.org/kg/cq/CQ_S0_R1_0170,http://example.org/kg/supportedBy,http://example.org/kg/chunk/19-1910_02923v2_rag__chunk_026,19-1910.02923v2_rag,19-1910.02923v2_rag::chunk_026,0.802511990070343,CQ_S0_R1_0170
http://example.org/kg/cq/CQ_S0_R1_0170,http://example.org/kg/supportedBy,http://example.org/kg/chunk/103-2210_12704v1_rag__chunk_004,103-2210.12704v1_rag,103-2210.12704v1_rag::chunk_004,0.7979012131690979,CQ_S0_R1_0170
http://example.org/kg/cq/CQ_S0_R1_0170,http://example.org/kg/supportedBy,http://example.org/kg/chunk/136-2110_14171v1_rag__chunk_000,136-2110.14171v1_rag,136-2110.14171v1_rag::chunk_000,0.7953813970088959,CQ_S0_R1_0170
http://example.org/kg/cq/CQ_S0_R1_0170,http://example.org/kg/supportedBy,http://example.org/kg/chunk/136-2110_14171v1_rag__chunk_003,136-2110.14171v1_rag,136-2110.14171v1_rag::chunk_003,0.7937116026878357,CQ_S0_R1_0170
http://example.org/kg/cq/CQ_S0_R1_0170,http://example.org/kg/supportedBy,http://example.org/kg/chunk/186-2201_11661v1_rag__chunk_003,186-2201.11661v1_rag,186-2201.11661v1_rag::chunk_003,0.7929621338844299,CQ_S0_R1_0170
http://example.org/kg/cq/CQ_S0_R1_0158,http://example.org/kg/supportedBy,http://example.org/kg/chunk/56-2011_04194v3_rag__chunk_002,56-2011.04194v3_rag,56-2011.04194v3_rag::chunk_002,0.8141366839408875,CQ_S0_R1_0158
http://example.org/kg/cq/CQ_S0_R1_0158,http://example.org/kg/supportedBy,http://example.org/kg/chunk/56-2011_04194v3_rag__chunk_004,56-2011.04194v3_rag,56-2011.04194v3_rag::chunk_004,0.8086825311183929,CQ_S0_R1_0158
http://example.org/kg/cq/CQ_S0_R1_0158,http://example.org/kg/supportedBy,http://example.org/kg/chunk/56-2011_04194v3_rag__chunk_001,56-2011.04194v3_rag,56-2011.04194v3_rag::chunk_001,0.8077483773231506,CQ_S0_R1_0158
http://example.org/kg/cq/CQ_S0_R1_0158,http://example.org/kg/supportedBy,http://example.org/kg/chunk/56-2011_04194v3_rag__chunk_010,56-2011.04194v3_rag,56-2011.04194v3_rag::chunk_010,0.8024687170982361,CQ_S0_R1_0158
http://example.org/kg/cq/CQ_S0_R1_0158,http://example.org/kg/supportedBy,http://example.org/kg/chunk/60-2022_findings-emnlp_235_rag__chunk_010,60-2022.findings-emnlp.235_rag,60-2022.findings-emnlp.235_rag::chunk_010,0.7978740930557251,CQ_S0_R1_0158
http://example.org/kg/cq/CQ_S0_R1_0188,http://example.org/kg/supportedBy,http://example.org/kg/chunk/35-1703_02910v1_rag__chunk_005,35-1703.02910v1_rag,35-1703.02910v1_rag::chunk_005,0.8124833703041077,CQ_S0_R1_0188
http://example.org/kg/cq/CQ_S0_R1_0188,http://example.org/kg/supportedBy,http://example.org/kg/chunk/68-Fei-Fei_GMBV04_rag__chunk_008,68-Fei-Fei_GMBV04_rag,68-Fei-Fei_GMBV04_rag::chunk_008,0.8092530369758606,CQ_S0_R1_0188
http://example.org/kg/cq/CQ_S0_R1_0188,http://example.org/kg/supportedBy,http://example.org/kg/chunk/1-1901_00596v4_rag__chunk_020,1-1901.00596v4_rag,1-1901.00596v4_rag::chunk_020,0.808527410030365,CQ_S0_R1_0188
http://example.org/kg/cq/CQ_S0_R1_0188,http://example.org/kg/supportedBy,http://example.org/kg/chunk/35-1703_02910v1_rag__chunk_007,35-1703.02910v1_rag,35-1703.02910v1_rag::chunk_007,0.8076526522636414,CQ_S0_R1_0188
http://example.org/kg/cq/CQ_S0_R1_0188,http://example.org/kg/supportedBy,http://example.org/kg/chunk/35-1703_02910v1_rag__chunk_008,35-1703.02910v1_rag,35-1703.02910v1_rag::chunk_008,0.8063637316226959,CQ_S0_R1_0188
http://example.org/kg/cq/CQ_S0_R1_0176,http://example.org/kg/supportedBy,http://example.org/kg/chunk/24-active-survey_rag__chunk_034,24-active-survey_rag,24-active-survey_rag::chunk_034,0.7948511242866516,CQ_S0_R1_0176
http://example.org/kg/cq/CQ_S0_R1_0176,http://example.org/kg/supportedBy,http://example.org/kg/chunk/24-active-survey_rag__chunk_023,24-active-survey_rag,24-active-survey_rag::chunk_023,0.7936909794807434,CQ_S0_R1_0176
http://example.org/kg/cq/CQ_S0_R1_0176,http://example.org/kg/supportedBy,http://example.org/kg/chunk/142-2204_00707v1_rag__chunk_013,142-2204.00707v1_rag,142-2204.00707v1_rag::chunk_013,0.7905389666557312,CQ_S0_R1_0176
http://example.org/kg/cq/CQ_S0_R1_0176,http://example.org/kg/supportedBy,http://example.org/kg/chunk/24-active-survey_rag__chunk_006,24-active-survey_rag,24-active-survey_rag::chunk_006,0.7875867784023285,CQ_S0_R1_0176
http://example.org/kg/cq/CQ_S0_R1_0176,http://example.org/kg/supportedBy,http://example.org/kg/chunk/157-1-s2_0-S0004370216301540-main_rag__chunk_025,157-1-s2.0-S0004370216301540-main_rag,157-1-s2.0-S0004370216301540-main_rag::chunk_025,0.7870326638221741,CQ_S0_R1_0176
http://example.org/kg/cq/CQ_S0_R1_0184,http://example.org/kg/supportedBy,http://example.org/kg/chunk/17-2310_14230v3_rag__chunk_024,17-2310.14230v3_rag,17-2310.14230v3_rag::chunk_024,0.7921051979064941,CQ_S0_R1_0184
http://example.org/kg/cq/CQ_S0_R1_0184,http://example.org/kg/supportedBy,http://example.org/kg/chunk/16-2104_07784v1_rag__chunk_018,16-2104.07784v1_rag,16-2104.07784v1_rag::chunk_018,0.7901192903518677,CQ_S0_R1_0184
http://example.org/kg/cq/CQ_S0_R1_0184,http://example.org/kg/supportedBy,http://example.org/kg/chunk/55-2107_14263v1_rag__chunk_006,55-2107.14263v1_rag,55-2107.14263v1_rag::chunk_006,0.7889947295188904,CQ_S0_R1_0184
http://example.org/kg/cq/CQ_S0_R1_0184,http://example.org/kg/supportedBy,http://example.org/kg/chunk/16-2104_07784v1_rag__chunk_008,16-2104.07784v1_rag,16-2104.07784v1_rag::chunk_008,0.7849455773830414,CQ_S0_R1_0184
http://example.org/kg/cq/CQ_S0_R1_0184,http://example.org/kg/supportedBy,http://example.org/kg/chunk/21-0634_rag__chunk_014,21-0634_rag,21-0634_rag::chunk_014,0.7839313447475433,CQ_S0_R1_0184
http://example.org/kg/cq/CQ_S0_R1_0152,http://example.org/kg/supportedBy,http://example.org/kg/chunk/3-9B18871D-F72F-4437-891F-7FAA000D7A47_am1_rag__chunk_027,3-9B18871D-F72F-4437-891F-7FAA000D7A47 am1_rag,3-9B18871D-F72F-4437-891F-7FAA000D7A47 am1_rag::chunk_027,0.8089153170585632,CQ_S0_R1_0152
http://example.org/kg/cq/CQ_S0_R1_0152,http://example.org/kg/supportedBy,http://example.org/kg/chunk/3-9B18871D-F72F-4437-891F-7FAA000D7A47_am1_rag__chunk_025,3-9B18871D-F72F-4437-891F-7FAA000D7A47 am1_rag,3-9B18871D-F72F-4437-891F-7FAA000D7A47 am1_rag::chunk_025,0.8023818135261536,CQ_S0_R1_0152
http://example.org/kg/cq/CQ_S0_R1_0152,http://example.org/kg/supportedBy,http://example.org/kg/chunk/51-1910_07153v2_rag__chunk_000,51-1910.07153v2_rag,51-1910.07153v2_rag::chunk_000,0.7995072603225708,CQ_S0_R1_0152
http://example.org/kg/cq/CQ_S0_R1_0152,http://example.org/kg/supportedBy,http://example.org/kg/chunk/49-1904_00370v3_rag__chunk_012,49-1904.00370v3_rag,49-1904.00370v3_rag::chunk_012,0.7959352135658264,CQ_S0_R1_0152
http://example.org/kg/cq/CQ_S0_R1_0152,http://example.org/kg/supportedBy,http://example.org/kg/chunk/21-0634_rag__chunk_001,21-0634_rag,21-0634_rag::chunk_001,0.7957906723022461,CQ_S0_R1_0152
http://example.org/kg/cq/CQ_S0_R1_0166,http://example.org/kg/supportedBy,http://example.org/kg/chunk/113-2111_02275v2_rag__chunk_005,113-2111.02275v2_rag,113-2111.02275v2_rag::chunk_005,0.8140812516212463,CQ_S0_R1_0166
http://example.org/kg/cq/CQ_S0_R1_0166,http://example.org/kg/supportedBy,http://example.org/kg/chunk/103-2210_12704v1_rag__chunk_004,103-2210.12704v1_rag,103-2210.12704v1_rag::chunk_004,0.8115634322166443,CQ_S0_R1_0166
http://example.org/kg/cq/CQ_S0_R1_0166,http://example.org/kg/supportedBy,http://example.org/kg/chunk/32-21378-Article_Text-25391-1-2-20220628_rag__chunk_000,32-21378-Article Text-25391-1-2-20220628_rag,32-21378-Article Text-25391-1-2-20220628_rag::chunk_000,0.8095136880874634,CQ_S0_R1_0166
http://example.org/kg/cq/CQ_S0_R1_0166,http://example.org/kg/supportedBy,http://example.org/kg/chunk/103-2210_12704v1_rag__chunk_005,103-2210.12704v1_rag,103-2210.12704v1_rag::chunk_005,0.8080477714538574,CQ_S0_R1_0166
http://example.org/kg/cq/CQ_S0_R1_0166,http://example.org/kg/supportedBy,http://example.org/kg/chunk/32-21378-Article_Text-25391-1-2-20220628_rag__chunk_001,32-21378-Article Text-25391-1-2-20220628_rag,32-21378-Article Text-25391-1-2-20220628_rag::chunk_001,0.8072624206542969,CQ_S0_R1_0166
http://example.org/kg/cq/CQ_S0_R1_0180,http://example.org/kg/supportedBy,http://example.org/kg/chunk/179-2210_02442v1_rag__chunk_010,179-2210.02442v1_rag,179-2210.02442v1_rag::chunk_010,0.8219228684902191,CQ_S0_R1_0180
http://example.org/kg/cq/CQ_S0_R1_0180,http://example.org/kg/supportedBy,http://example.org/kg/chunk/179-2210_02442v1_rag__chunk_003,179-2210.02442v1_rag,179-2210.02442v1_rag::chunk_003,0.8086618781089783,CQ_S0_R1_0180
http://example.org/kg/cq/CQ_S0_R1_0180,http://example.org/kg/supportedBy,http://example.org/kg/chunk/179-2210_02442v1_rag__chunk_000,179-2210.02442v1_rag,179-2210.02442v1_rag::chunk_000,0.8032328486442566,CQ_S0_R1_0180
http://example.org/kg/cq/CQ_S0_R1_0180,http://example.org/kg/supportedBy,http://example.org/kg/chunk/179-2210_02442v1_rag__chunk_001,179-2210.02442v1_rag,179-2210.02442v1_rag::chunk_001,0.8020846247673035,CQ_S0_R1_0180
http://example.org/kg/cq/CQ_S0_R1_0180,http://example.org/kg/supportedBy,http://example.org/kg/chunk/180-2205_11320v3_rag__chunk_001,180-2205.11320v3_rag,180-2205.11320v3_rag::chunk_001,0.7977491319179535,CQ_S0_R1_0180
http://example.org/kg/cq/CQ_S0_R1_0192,http://example.org/kg/supportedBy,http://example.org/kg/chunk/102-2203_07034v1_rag__chunk_015,102-2203.07034v1_rag,102-2203.07034v1_rag::chunk_015,0.7867926359176636,CQ_S0_R1_0192
http://example.org/kg/cq/CQ_S0_R1_0192,http://example.org/kg/supportedBy,http://example.org/kg/chunk/191-2110_08611v2_rag__chunk_013,191-2110.08611v2_rag,191-2110.08611v2_rag::chunk_013,0.7864158749580383,CQ_S0_R1_0192
http://example.org/kg/cq/CQ_S0_R1_0192,http://example.org/kg/supportedBy,http://example.org/kg/chunk/130-2009_01797v3_rag__chunk_023,130-2009.01797v3_rag,130-2009.01797v3_rag::chunk_023,0.7842157483100891,CQ_S0_R1_0192
http://example.org/kg/cq/CQ_S0_R1_0192,http://example.org/kg/supportedBy,http://example.org/kg/chunk/191-2110_08611v2_rag__chunk_007,191-2110.08611v2_rag,191-2110.08611v2_rag::chunk_007,0.7833389937877655,CQ_S0_R1_0192
http://example.org/kg/cq/CQ_S0_R1_0192,http://example.org/kg/supportedBy,http://example.org/kg/chunk/130-2009_01797v3_rag__chunk_024,130-2009.01797v3_rag,130-2009.01797v3_rag::chunk_024,0.7829503417015076,CQ_S0_R1_0192
http://example.org/kg/cq/CQ_S0_R1_0146,http://example.org/kg/supportedBy,http://example.org/kg/chunk/191-2110_08611v2_rag__chunk_013,191-2110.08611v2_rag,191-2110.08611v2_rag::chunk_013,0.8244742751121521,CQ_S0_R1_0146
http://example.org/kg/cq/CQ_S0_R1_0146,http://example.org/kg/supportedBy,http://example.org/kg/chunk/202-2006_04884v3_rag__chunk_006,202-2006.04884v3_rag,202-2006.04884v3_rag::chunk_006,0.8140614926815033,CQ_S0_R1_0146
http://example.org/kg/cq/CQ_S0_R1_0146,http://example.org/kg/supportedBy,http://example.org/kg/chunk/60-2022_findings-emnlp_235_rag__chunk_010,60-2022.findings-emnlp.235_rag,60-2022.findings-emnlp.235_rag::chunk_010,0.8046712875366211,CQ_S0_R1_0146
http://example.org/kg/cq/CQ_S0_R1_0146,http://example.org/kg/supportedBy,http://example.org/kg/chunk/202-2006_04884v3_rag__chunk_005,202-2006.04884v3_rag,202-2006.04884v3_rag::chunk_005,0.8039995729923248,CQ_S0_R1_0146
http://example.org/kg/cq/CQ_S0_R1_0146,http://example.org/kg/supportedBy,http://example.org/kg/chunk/26-2009_00236v2_rag__chunk_010,26-2009.00236v2_rag,26-2009.00236v2_rag::chunk_010,0.8024218082427979,CQ_S0_R1_0146
http://example.org/kg/cq/CQ_S0_R1_0154,http://example.org/kg/supportedBy,http://example.org/kg/chunk/29-2022_acl-short_93_rag__chunk_005,29-2022.acl-short.93_rag,29-2022.acl-short.93_rag::chunk_005,0.8037858307361603,CQ_S0_R1_0154
http://example.org/kg/cq/CQ_S0_R1_0154,http://example.org/kg/supportedBy,http://example.org/kg/chunk/19-1910_02923v2_rag__chunk_009,19-1910.02923v2_rag,19-1910.02923v2_rag::chunk_009,0.8027374744415283,CQ_S0_R1_0154
http://example.org/kg/cq/CQ_S0_R1_0154,http://example.org/kg/supportedBy,http://example.org/kg/chunk/103-2210_12704v1_rag__chunk_004,103-2210.12704v1_rag,103-2210.12704v1_rag::chunk_004,0.8022279441356659,CQ_S0_R1_0154
http://example.org/kg/cq/CQ_S0_R1_0154,http://example.org/kg/supportedBy,http://example.org/kg/chunk/131-2007_04637v3_rag__chunk_020,131-2007.04637v3_rag,131-2007.04637v3_rag::chunk_020,0.7977739572525024,CQ_S0_R1_0154
http://example.org/kg/cq/CQ_S0_R1_0154,http://example.org/kg/supportedBy,http://example.org/kg/chunk/45-1906_08158v2_rag__chunk_008,45-1906.08158v2_rag,45-1906.08158v2_rag::chunk_008,0.7961557805538177,CQ_S0_R1_0154
http://example.org/kg/cq/CQ_S0_R1_0118,http://example.org/kg/supportedBy,http://example.org/kg/chunk/17-2310_14230v3_rag__chunk_015,17-2310.14230v3_rag,17-2310.14230v3_rag::chunk_015,0.8365128636360168,CQ_S0_R1_0118
http://example.org/kg/cq/CQ_S0_R1_0118,http://example.org/kg/supportedBy,http://example.org/kg/chunk/42-1802_09841v1_rag__chunk_005,42-1802.09841v1_rag,42-1802.09841v1_rag::chunk_005,0.8314899206161499,CQ_S0_R1_0118
http://example.org/kg/cq/CQ_S0_R1_0118,http://example.org/kg/supportedBy,http://example.org/kg/chunk/22-2203_13450v3_rag__chunk_003,22-2203.13450v3_rag,22-2203.13450v3_rag::chunk_003,0.8249228000640869,CQ_S0_R1_0118
http://example.org/kg/cq/CQ_S0_R1_0118,http://example.org/kg/supportedBy,http://example.org/kg/chunk/26-2009_00236v2_rag__chunk_021,26-2009.00236v2_rag,26-2009.00236v2_rag::chunk_021,0.8198437392711639,CQ_S0_R1_0118
http://example.org/kg/cq/CQ_S0_R1_0118,http://example.org/kg/supportedBy,http://example.org/kg/chunk/42-1802_09841v1_rag__chunk_003,42-1802.09841v1_rag,42-1802.09841v1_rag::chunk_003,0.8183614611625671,CQ_S0_R1_0118
http://example.org/kg/cq/CQ_S0_R1_0112,http://example.org/kg/supportedBy,http://example.org/kg/chunk/127-1909_03585v1_rag__chunk_010,127-1909.03585v1_rag,127-1909.03585v1_rag::chunk_010,0.8408118486404419,CQ_S0_R1_0112
http://example.org/kg/cq/CQ_S0_R1_0112,http://example.org/kg/supportedBy,http://example.org/kg/chunk/17-2310_14230v3_rag__chunk_025,17-2310.14230v3_rag,17-2310.14230v3_rag::chunk_025,0.8295196890830994,CQ_S0_R1_0112
http://example.org/kg/cq/CQ_S0_R1_0112,http://example.org/kg/supportedBy,http://example.org/kg/chunk/194-2003_11249v2_rag__chunk_000,194-2003.11249v2_rag,194-2003.11249v2_rag::chunk_000,0.8269499242305756,CQ_S0_R1_0112
http://example.org/kg/cq/CQ_S0_R1_0112,http://example.org/kg/supportedBy,http://example.org/kg/chunk/197-2202_01402v2_rag__chunk_001,197-2202.01402v2_rag,197-2202.01402v2_rag::chunk_001,0.8248731791973114,CQ_S0_R1_0112
http://example.org/kg/cq/CQ_S0_R1_0112,http://example.org/kg/supportedBy,http://example.org/kg/chunk/28-s10994-023-06454-2_rag__chunk_016,28-s10994-023-06454-2_rag,28-s10994-023-06454-2_rag::chunk_016,0.8234767317771912,CQ_S0_R1_0112
http://example.org/kg/cq/CQ_S0_R1_0132,http://example.org/kg/supportedBy,http://example.org/kg/chunk/22-2203_13450v3_rag__chunk_006,22-2203.13450v3_rag,22-2203.13450v3_rag::chunk_006,0.8284058272838593,CQ_S0_R1_0132
http://example.org/kg/cq/CQ_S0_R1_0132,http://example.org/kg/supportedBy,http://example.org/kg/chunk/56-2011_04194v3_rag__chunk_001,56-2011.04194v3_rag,56-2011.04194v3_rag::chunk_001,0.8261957168579102,CQ_S0_R1_0132
http://example.org/kg/cq/CQ_S0_R1_0132,http://example.org/kg/supportedBy,http://example.org/kg/chunk/22-2203_13450v3_rag__chunk_015,22-2203.13450v3_rag,22-2203.13450v3_rag::chunk_015,0.8187208771705627,CQ_S0_R1_0132
http://example.org/kg/cq/CQ_S0_R1_0132,http://example.org/kg/supportedBy,http://example.org/kg/chunk/22-2203_13450v3_rag__chunk_016,22-2203.13450v3_rag,22-2203.13450v3_rag::chunk_016,0.8184373378753662,CQ_S0_R1_0132
http://example.org/kg/cq/CQ_S0_R1_0132,http://example.org/kg/supportedBy,http://example.org/kg/chunk/26-2009_00236v2_rag__chunk_017,26-2009.00236v2_rag,26-2009.00236v2_rag::chunk_017,0.8184002339839935,CQ_S0_R1_0132
http://example.org/kg/cq/CQ_S0_R1_0140,http://example.org/kg/supportedBy,http://example.org/kg/chunk/14-Peng_Active_Learning_for_Lane_Detection_A_Knowledge_Distillation_Approach_ICCV_2021_paper_rag__chunk_008,14-Peng_Active_Learning_for_Lane_Detection_A_Knowledge_Distillation_Approach_ICCV_2021_paper_rag,14-Peng_Active_Learning_for_Lane_Detection_A_Knowledge_Distillation_Approach_ICCV_2021_paper_rag::chunk_008,0.8129664957523346,CQ_S0_R1_0140
http://example.org/kg/cq/CQ_S0_R1_0140,http://example.org/kg/supportedBy,http://example.org/kg/chunk/16-2104_07784v1_rag__chunk_009,16-2104.07784v1_rag,16-2104.07784v1_rag::chunk_009,0.8122777938842773,CQ_S0_R1_0140
http://example.org/kg/cq/CQ_S0_R1_0140,http://example.org/kg/supportedBy,http://example.org/kg/chunk/149-2204_07965v1_rag__chunk_007,149-2204.07965v1_rag,149-2204.07965v1_rag::chunk_007,0.8109066486358643,CQ_S0_R1_0140
http://example.org/kg/cq/CQ_S0_R1_0140,http://example.org/kg/supportedBy,http://example.org/kg/chunk/16-2104_07784v1_rag__chunk_008,16-2104.07784v1_rag,16-2104.07784v1_rag::chunk_008,0.8065477609634399,CQ_S0_R1_0140
http://example.org/kg/cq/CQ_S0_R1_0140,http://example.org/kg/supportedBy,http://example.org/kg/chunk/17-2310_14230v3_rag__chunk_016,17-2310.14230v3_rag,17-2310.14230v3_rag::chunk_016,0.806414008140564,CQ_S0_R1_0140
http://example.org/kg/cq/CQ_S0_R1_0126,http://example.org/kg/supportedBy,http://example.org/kg/chunk/25-mathematics-11-00820_rag__chunk_009,25-mathematics-11-00820_rag,25-mathematics-11-00820_rag::chunk_009,0.8553624749183655,CQ_S0_R1_0126
http://example.org/kg/cq/CQ_S0_R1_0126,http://example.org/kg/supportedBy,http://example.org/kg/chunk/51-1910_07153v2_rag__chunk_000,51-1910.07153v2_rag,51-1910.07153v2_rag::chunk_000,0.8499752283096313,CQ_S0_R1_0126
http://example.org/kg/cq/CQ_S0_R1_0126,http://example.org/kg/supportedBy,http://example.org/kg/chunk/28-s10994-023-06454-2_rag__chunk_009,28-s10994-023-06454-2_rag,28-s10994-023-06454-2_rag::chunk_009,0.8476255536079407,CQ_S0_R1_0126
http://example.org/kg/cq/CQ_S0_R1_0126,http://example.org/kg/supportedBy,http://example.org/kg/chunk/40-1702_07956v5_rag__chunk_002,40-1702.07956v5_rag,40-1702.07956v5_rag::chunk_002,0.8470537662506104,CQ_S0_R1_0126
http://example.org/kg/cq/CQ_S0_R1_0126,http://example.org/kg/supportedBy,http://example.org/kg/chunk/130-2009_01797v3_rag__chunk_020,130-2009.01797v3_rag,130-2009.01797v3_rag::chunk_020,0.8420220911502838,CQ_S0_R1_0126
http://example.org/kg/cq/CQ_S0_R1_0102,http://example.org/kg/supportedBy,http://example.org/kg/chunk/60-2022_findings-emnlp_235_rag__chunk_005,60-2022.findings-emnlp.235_rag,60-2022.findings-emnlp.235_rag::chunk_005,0.8230927586555481,CQ_S0_R1_0102
http://example.org/kg/cq/CQ_S0_R1_0102,http://example.org/kg/supportedBy,http://example.org/kg/chunk/53-2020_emnlp-main_638_rag__chunk_010,53-2020.emnlp-main.638_rag,53-2020.emnlp-main.638_rag::chunk_010,0.8193337917327881,CQ_S0_R1_0102
http://example.org/kg/cq/CQ_S0_R1_0102,http://example.org/kg/supportedBy,http://example.org/kg/chunk/60-2022_findings-emnlp_235_rag__chunk_006,60-2022.findings-emnlp.235_rag,60-2022.findings-emnlp.235_rag::chunk_006,0.8155836462974548,CQ_S0_R1_0102
http://example.org/kg/cq/CQ_S0_R1_0102,http://example.org/kg/supportedBy,http://example.org/kg/chunk/26-2009_00236v2_rag__chunk_011,26-2009.00236v2_rag,26-2009.00236v2_rag::chunk_011,0.814257025718689,CQ_S0_R1_0102
http://example.org/kg/cq/CQ_S0_R1_0102,http://example.org/kg/supportedBy,http://example.org/kg/chunk/15-2210_10109v2_rag__chunk_005,15-2210.10109v2_rag,15-2210.10109v2_rag::chunk_005,0.8123610615730286,CQ_S0_R1_0102
http://example.org/kg/cq/CQ_S0_R1_0106,http://example.org/kg/supportedBy,http://example.org/kg/chunk/51-1910_07153v2_rag__chunk_008,51-1910.07153v2_rag,51-1910.07153v2_rag::chunk_008,0.792159914970398,CQ_S0_R1_0106
http://example.org/kg/cq/CQ_S0_R1_0106,http://example.org/kg/supportedBy,http://example.org/kg/chunk/51-1910_07153v2_rag__chunk_007,51-1910.07153v2_rag,51-1910.07153v2_rag::chunk_007,0.7909965813159943,CQ_S0_R1_0106
http://example.org/kg/cq/CQ_S0_R1_0106,http://example.org/kg/supportedBy,http://example.org/kg/chunk/180-2205_11320v3_rag__chunk_001,180-2205.11320v3_rag,180-2205.11320v3_rag::chunk_001,0.7873332500457764,CQ_S0_R1_0106
http://example.org/kg/cq/CQ_S0_R1_0106,http://example.org/kg/supportedBy,http://example.org/kg/chunk/26-2009_00236v2_rag__chunk_017,26-2009.00236v2_rag,26-2009.00236v2_rag::chunk_017,0.7866588234901428,CQ_S0_R1_0106
http://example.org/kg/cq/CQ_S0_R1_0106,http://example.org/kg/supportedBy,http://example.org/kg/chunk/179-2210_02442v1_rag__chunk_003,179-2210.02442v1_rag,179-2210.02442v1_rag::chunk_003,0.786611795425415,CQ_S0_R1_0106
http://example.org/kg/cq/CQ_S0_R1_0138,http://example.org/kg/supportedBy,http://example.org/kg/chunk/14-Peng_Active_Learning_for_Lane_Detection_A_Knowledge_Distillation_Approach_ICCV_2021_paper_rag__chunk_004,14-Peng_Active_Learning_for_Lane_Detection_A_Knowledge_Distillation_Approach_ICCV_2021_paper_rag,14-Peng_Active_Learning_for_Lane_Detection_A_Knowledge_Distillation_Approach_ICCV_2021_paper_rag::chunk_004,0.8091294169425964,CQ_S0_R1_0138
http://example.org/kg/cq/CQ_S0_R1_0138,http://example.org/kg/supportedBy,http://example.org/kg/chunk/102-2203_07034v1_rag__chunk_005,102-2203.07034v1_rag,102-2203.07034v1_rag::chunk_005,0.8090456426143646,CQ_S0_R1_0138
http://example.org/kg/cq/CQ_S0_R1_0138,http://example.org/kg/supportedBy,http://example.org/kg/chunk/23-KAIS_Fu_2013_Active_rag__chunk_001,23-KAIS.Fu.2013.Active_rag,23-KAIS.Fu.2013.Active_rag::chunk_001,0.8070021569728851,CQ_S0_R1_0138
http://example.org/kg/cq/CQ_S0_R1_0138,http://example.org/kg/supportedBy,http://example.org/kg/chunk/190-2023_acl-long_636_rag__chunk_001,190-2023.acl-long.636_rag,190-2023.acl-long.636_rag::chunk_001,0.8062320351600647,CQ_S0_R1_0138
http://example.org/kg/cq/CQ_S0_R1_0138,http://example.org/kg/supportedBy,http://example.org/kg/chunk/102-2203_07034v1_rag__chunk_004,102-2203.07034v1_rag,102-2203.07034v1_rag::chunk_004,0.8045934736728668,CQ_S0_R1_0138
http://example.org/kg/cq/CQ_S0_R1_0120,http://example.org/kg/supportedBy,http://example.org/kg/chunk/107-2206_12569v1_rag__chunk_000,107-2206.12569v1_rag,107-2206.12569v1_rag::chunk_000,0.8322822451591492,CQ_S0_R1_0120
http://example.org/kg/cq/CQ_S0_R1_0120,http://example.org/kg/supportedBy,http://example.org/kg/chunk/173-1904_05268v2_rag__chunk_009,173-1904.05268v2_rag,173-1904.05268v2_rag::chunk_009,0.8290126323699951,CQ_S0_R1_0120
http://example.org/kg/cq/CQ_S0_R1_0120,http://example.org/kg/supportedBy,http://example.org/kg/chunk/173-1904_05268v2_rag__chunk_008,173-1904.05268v2_rag,173-1904.05268v2_rag::chunk_008,0.8282289505004883,CQ_S0_R1_0120
http://example.org/kg/cq/CQ_S0_R1_0120,http://example.org/kg/supportedBy,http://example.org/kg/chunk/39-1703_03365v3_rag__chunk_004,39-1703.03365v3_rag,39-1703.03365v3_rag::chunk_004,0.822038322687149,CQ_S0_R1_0120
http://example.org/kg/cq/CQ_S0_R1_0120,http://example.org/kg/supportedBy,http://example.org/kg/chunk/108-1905_03677v1_rag__chunk_009,108-1905.03677v1_rag,108-1905.03677v1_rag::chunk_009,0.8218550682067871,CQ_S0_R1_0120
http://example.org/kg/cq/CQ_S0_R1_0110,http://example.org/kg/supportedBy,http://example.org/kg/chunk/23-KAIS_Fu_2013_Active_rag__chunk_014,23-KAIS.Fu.2013.Active_rag,23-KAIS.Fu.2013.Active_rag::chunk_014,0.8128730356693268,CQ_S0_R1_0110
http://example.org/kg/cq/CQ_S0_R1_0110,http://example.org/kg/supportedBy,http://example.org/kg/chunk/23-KAIS_Fu_2013_Active_rag__chunk_015,23-KAIS.Fu.2013.Active_rag,23-KAIS.Fu.2013.Active_rag::chunk_015,0.8068709969520569,CQ_S0_R1_0110
http://example.org/kg/cq/CQ_S0_R1_0110,http://example.org/kg/supportedBy,http://example.org/kg/chunk/24-active-survey_rag__chunk_008,24-active-survey_rag,24-active-survey_rag::chunk_008,0.8013559579849243,CQ_S0_R1_0110
http://example.org/kg/cq/CQ_S0_R1_0110,http://example.org/kg/supportedBy,http://example.org/kg/chunk/104-1809_10565v1_rag__chunk_012,104-1809.10565v1_rag,104-1809.10565v1_rag::chunk_012,0.7974357604980469,CQ_S0_R1_0110
http://example.org/kg/cq/CQ_S0_R1_0110,http://example.org/kg/supportedBy,http://example.org/kg/chunk/24-active-survey_rag__chunk_002,24-active-survey_rag,24-active-survey_rag::chunk_002,0.7952719926834106,CQ_S0_R1_0110
http://example.org/kg/cq/CQ_S0_R1_0098,http://example.org/kg/supportedBy,http://example.org/kg/chunk/28-s10994-023-06454-2_rag__chunk_007,28-s10994-023-06454-2_rag,28-s10994-023-06454-2_rag::chunk_007,0.8349339962005615,CQ_S0_R1_0098
http://example.org/kg/cq/CQ_S0_R1_0098,http://example.org/kg/supportedBy,http://example.org/kg/chunk/24-active-survey_rag__chunk_002,24-active-survey_rag,24-active-survey_rag::chunk_002,0.831615149974823,CQ_S0_R1_0098
http://example.org/kg/cq/CQ_S0_R1_0098,http://example.org/kg/supportedBy,http://example.org/kg/chunk/24-active-survey_rag__chunk_026,24-active-survey_rag,24-active-survey_rag::chunk_026,0.8298110067844391,CQ_S0_R1_0098
http://example.org/kg/cq/CQ_S0_R1_0098,http://example.org/kg/supportedBy,http://example.org/kg/chunk/28-s10994-023-06454-2_rag__chunk_002,28-s10994-023-06454-2_rag,28-s10994-023-06454-2_rag::chunk_002,0.8273410499095917,CQ_S0_R1_0098
http://example.org/kg/cq/CQ_S0_R1_0098,http://example.org/kg/supportedBy,http://example.org/kg/chunk/28-s10994-023-06454-2_rag__chunk_047,28-s10994-023-06454-2_rag,28-s10994-023-06454-2_rag::chunk_047,0.8215058743953705,CQ_S0_R1_0098
http://example.org/kg/cq/CQ_S0_R1_0116,http://example.org/kg/supportedBy,http://example.org/kg/chunk/134-0354_rag__chunk_003,134-0354_rag,134-0354_rag::chunk_003,0.837528645992279,CQ_S0_R1_0116
http://example.org/kg/cq/CQ_S0_R1_0116,http://example.org/kg/supportedBy,http://example.org/kg/chunk/186-2201_11661v1_rag__chunk_001,186-2201.11661v1_rag,186-2201.11661v1_rag::chunk_001,0.8325793743133545,CQ_S0_R1_0116
http://example.org/kg/cq/CQ_S0_R1_0116,http://example.org/kg/supportedBy,http://example.org/kg/chunk/134-0354_rag__chunk_001,134-0354_rag,134-0354_rag::chunk_001,0.8308271169662476,CQ_S0_R1_0116
http://example.org/kg/cq/CQ_S0_R1_0116,http://example.org/kg/supportedBy,http://example.org/kg/chunk/134-0354_rag__chunk_000,134-0354_rag,134-0354_rag::chunk_000,0.8296797275543213,CQ_S0_R1_0116
http://example.org/kg/cq/CQ_S0_R1_0116,http://example.org/kg/supportedBy,http://example.org/kg/chunk/134-0354_rag__chunk_004,134-0354_rag,134-0354_rag::chunk_004,0.8274829983711243,CQ_S0_R1_0116
http://example.org/kg/cq/CQ_S0_R1_0128,http://example.org/kg/supportedBy,http://example.org/kg/chunk/24-active-survey_rag__chunk_031,24-active-survey_rag,24-active-survey_rag::chunk_031,0.8389849662780762,CQ_S0_R1_0128
http://example.org/kg/cq/CQ_S0_R1_0128,http://example.org/kg/supportedBy,http://example.org/kg/chunk/19-1910_02923v2_rag__chunk_022,19-1910.02923v2_rag,19-1910.02923v2_rag::chunk_022,0.805746853351593,CQ_S0_R1_0128
http://example.org/kg/cq/CQ_S0_R1_0128,http://example.org/kg/supportedBy,http://example.org/kg/chunk/19-1910_02923v2_rag__chunk_023,19-1910.02923v2_rag,19-1910.02923v2_rag::chunk_023,0.8042753040790558,CQ_S0_R1_0128
http://example.org/kg/cq/CQ_S0_R1_0128,http://example.org/kg/supportedBy,http://example.org/kg/chunk/24-active-survey_rag__chunk_030,24-active-survey_rag,24-active-survey_rag::chunk_030,0.7996580302715302,CQ_S0_R1_0128
http://example.org/kg/cq/CQ_S0_R1_0128,http://example.org/kg/supportedBy,http://example.org/kg/chunk/49-1904_00370v3_rag__chunk_006,49-1904.00370v3_rag,49-1904.00370v3_rag::chunk_006,0.7942699790000916,CQ_S0_R1_0128
http://example.org/kg/cq/CQ_S0_R1_0144,http://example.org/kg/supportedBy,http://example.org/kg/chunk/28-s10994-023-06454-2_rag__chunk_013,28-s10994-023-06454-2_rag,28-s10994-023-06454-2_rag::chunk_013,0.8028122186660767,CQ_S0_R1_0144
http://example.org/kg/cq/CQ_S0_R1_0144,http://example.org/kg/supportedBy,http://example.org/kg/chunk/102-2203_07034v1_rag__chunk_014,102-2203.07034v1_rag,102-2203.07034v1_rag::chunk_014,0.8014777600765228,CQ_S0_R1_0144
http://example.org/kg/cq/CQ_S0_R1_0144,http://example.org/kg/supportedBy,http://example.org/kg/chunk/134-0354_rag__chunk_003,134-0354_rag,134-0354_rag::chunk_003,0.8001844584941864,CQ_S0_R1_0144
http://example.org/kg/cq/CQ_S0_R1_0144,http://example.org/kg/supportedBy,http://example.org/kg/chunk/7-1706_03762v7_rag__chunk_008,7-1706.03762v7_rag,7-1706.03762v7_rag::chunk_008,0.7955272793769836,CQ_S0_R1_0144
http://example.org/kg/cq/CQ_S0_R1_0144,http://example.org/kg/supportedBy,http://example.org/kg/chunk/189-17205-Article_Text-20699-1-2-20210518_rag__chunk_008,189-17205-Article Text-20699-1-2-20210518_rag,189-17205-Article Text-20699-1-2-20210518_rag::chunk_008,0.7954021096229553,CQ_S0_R1_0144
http://example.org/kg/cq/CQ_S0_R1_0124,http://example.org/kg/supportedBy,http://example.org/kg/chunk/25-mathematics-11-00820_rag__chunk_008,25-mathematics-11-00820_rag,25-mathematics-11-00820_rag::chunk_008,0.8046436011791229,CQ_S0_R1_0124
http://example.org/kg/cq/CQ_S0_R1_0124,http://example.org/kg/supportedBy,http://example.org/kg/chunk/88-N-14150_rag__chunk_005,88-N-14150_rag,88-N-14150_rag::chunk_005,0.8020294308662415,CQ_S0_R1_0124
http://example.org/kg/cq/CQ_S0_R1_0124,http://example.org/kg/supportedBy,http://example.org/kg/chunk/26-2009_00236v2_rag__chunk_005,26-2009.00236v2_rag,26-2009.00236v2_rag::chunk_005,0.8003060817718506,CQ_S0_R1_0124
http://example.org/kg/cq/CQ_S0_R1_0124,http://example.org/kg/supportedBy,http://example.org/kg/chunk/24-active-survey_rag__chunk_026,24-active-survey_rag,24-active-survey_rag::chunk_026,0.7998039722442627,CQ_S0_R1_0124
http://example.org/kg/cq/CQ_S0_R1_0124,http://example.org/kg/supportedBy,http://example.org/kg/chunk/60-2022_findings-emnlp_235_rag__chunk_005,60-2022.findings-emnlp.235_rag,60-2022.findings-emnlp.235_rag::chunk_005,0.7993516623973846,CQ_S0_R1_0124
http://example.org/kg/cq/CQ_S0_R1_0134,http://example.org/kg/supportedBy,http://example.org/kg/chunk/186-2201_11661v1_rag__chunk_001,186-2201.11661v1_rag,186-2201.11661v1_rag::chunk_001,0.798494279384613,CQ_S0_R1_0134
http://example.org/kg/cq/CQ_S0_R1_0134,http://example.org/kg/supportedBy,http://example.org/kg/chunk/186-2201_11661v1_rag__chunk_002,186-2201.11661v1_rag,186-2201.11661v1_rag::chunk_002,0.7861672043800354,CQ_S0_R1_0134
http://example.org/kg/cq/CQ_S0_R1_0134,http://example.org/kg/supportedBy,http://example.org/kg/chunk/24-active-survey_rag__chunk_001,24-active-survey_rag,24-active-survey_rag::chunk_001,0.7834589779376984,CQ_S0_R1_0134
http://example.org/kg/cq/CQ_S0_R1_0134,http://example.org/kg/supportedBy,http://example.org/kg/chunk/186-2201_11661v1_rag__chunk_005,186-2201.11661v1_rag,186-2201.11661v1_rag::chunk_005,0.7792040109634399,CQ_S0_R1_0134
http://example.org/kg/cq/CQ_S0_R1_0134,http://example.org/kg/supportedBy,http://example.org/kg/chunk/186-2201_11661v1_rag__chunk_007,186-2201.11661v1_rag,186-2201.11661v1_rag::chunk_007,0.7768902778625488,CQ_S0_R1_0134
http://example.org/kg/cq/CQ_S0_R1_0136,http://example.org/kg/supportedBy,http://example.org/kg/chunk/173-1904_05268v2_rag__chunk_010,173-1904.05268v2_rag,173-1904.05268v2_rag::chunk_010,0.8071039915084839,CQ_S0_R1_0136
http://example.org/kg/cq/CQ_S0_R1_0136,http://example.org/kg/supportedBy,http://example.org/kg/chunk/199-0420_rag__chunk_005,199-0420_rag,199-0420_rag::chunk_005,0.7989807426929474,CQ_S0_R1_0136
http://example.org/kg/cq/CQ_S0_R1_0136,http://example.org/kg/supportedBy,http://example.org/kg/chunk/62-2007_13442v2_rag__chunk_001,62-2007.13442v2_rag,62-2007.13442v2_rag::chunk_001,0.7958664298057556,CQ_S0_R1_0136
http://example.org/kg/cq/CQ_S0_R1_0136,http://example.org/kg/supportedBy,http://example.org/kg/chunk/168-0298_rag__chunk_007,168-0298_rag,168-0298_rag::chunk_007,0.7952131628990173,CQ_S0_R1_0136
http://example.org/kg/cq/CQ_S0_R1_0136,http://example.org/kg/supportedBy,http://example.org/kg/chunk/62-2007_13442v2_rag__chunk_008,62-2007.13442v2_rag,62-2007.13442v2_rag::chunk_008,0.7923414707183838,CQ_S0_R1_0136
http://example.org/kg/cq/CQ_S0_R1_0100,http://example.org/kg/supportedBy,http://example.org/kg/chunk/48-1904_11643v1_rag__chunk_006,48-1904.11643v1_rag,48-1904.11643v1_rag::chunk_006,0.8152179419994354,CQ_S0_R1_0100
http://example.org/kg/cq/CQ_S0_R1_0100,http://example.org/kg/supportedBy,http://example.org/kg/chunk/131-2007_04637v3_rag__chunk_004,131-2007.04637v3_rag,131-2007.04637v3_rag::chunk_004,0.8069686889648438,CQ_S0_R1_0100
http://example.org/kg/cq/CQ_S0_R1_0100,http://example.org/kg/supportedBy,http://example.org/kg/chunk/136-2110_14171v1_rag__chunk_008,136-2110.14171v1_rag,136-2110.14171v1_rag::chunk_008,0.806743323802948,CQ_S0_R1_0100
http://example.org/kg/cq/CQ_S0_R1_0100,http://example.org/kg/supportedBy,http://example.org/kg/chunk/103-2210_12704v1_rag__chunk_008,103-2210.12704v1_rag,103-2210.12704v1_rag::chunk_008,0.8067036271095276,CQ_S0_R1_0100
http://example.org/kg/cq/CQ_S0_R1_0100,http://example.org/kg/supportedBy,http://example.org/kg/chunk/136-2110_14171v1_rag__chunk_003,136-2110.14171v1_rag,136-2110.14171v1_rag::chunk_003,0.8058210015296936,CQ_S0_R1_0100
http://example.org/kg/cq/CQ_S0_R1_0130,http://example.org/kg/supportedBy,http://example.org/kg/chunk/23-KAIS_Fu_2013_Active_rag__chunk_010,23-KAIS.Fu.2013.Active_rag,23-KAIS.Fu.2013.Active_rag::chunk_010,0.8150873780250549,CQ_S0_R1_0130
http://example.org/kg/cq/CQ_S0_R1_0130,http://example.org/kg/supportedBy,http://example.org/kg/chunk/144-2305_12737v1_rag__chunk_005,144-2305.12737v1_rag,144-2305.12737v1_rag::chunk_005,0.8095587491989136,CQ_S0_R1_0130
http://example.org/kg/cq/CQ_S0_R1_0130,http://example.org/kg/supportedBy,http://example.org/kg/chunk/37-1612_01474v3_rag__chunk_003,37-1612.01474v3_rag,37-1612.01474v3_rag::chunk_003,0.8088846206665039,CQ_S0_R1_0130
http://example.org/kg/cq/CQ_S0_R1_0130,http://example.org/kg/supportedBy,http://example.org/kg/chunk/164-nihms958486_rag__chunk_004,164-nihms958486_rag,164-nihms958486_rag::chunk_004,0.808364748954773,CQ_S0_R1_0130
http://example.org/kg/cq/CQ_S0_R1_0130,http://example.org/kg/supportedBy,http://example.org/kg/chunk/84-17714-Article_Text-21208-1-2-20210518_rag__chunk_008,84-17714-Article Text-21208-1-2-20210518_rag,84-17714-Article Text-21208-1-2-20210518_rag::chunk_008,0.8059946894645691,CQ_S0_R1_0130
http://example.org/kg/cq/CQ_S0_R1_0114,http://example.org/kg/supportedBy,http://example.org/kg/chunk/167-0296_rag__chunk_003,167-0296_rag,167-0296_rag::chunk_003,0.8354707360267639,CQ_S0_R1_0114
http://example.org/kg/cq/CQ_S0_R1_0114,http://example.org/kg/supportedBy,http://example.org/kg/chunk/44-1710_02584v1_rag__chunk_003,44-1710.02584v1_rag,44-1710.02584v1_rag::chunk_003,0.8307953476905823,CQ_S0_R1_0114
http://example.org/kg/cq/CQ_S0_R1_0114,http://example.org/kg/supportedBy,http://example.org/kg/chunk/25-mathematics-11-00820_rag__chunk_008,25-mathematics-11-00820_rag,25-mathematics-11-00820_rag::chunk_008,0.8301320374011993,CQ_S0_R1_0114
http://example.org/kg/cq/CQ_S0_R1_0114,http://example.org/kg/supportedBy,http://example.org/kg/chunk/49-1904_00370v3_rag__chunk_006,49-1904.00370v3_rag,49-1904.00370v3_rag::chunk_006,0.828094094991684,CQ_S0_R1_0114
http://example.org/kg/cq/CQ_S0_R1_0114,http://example.org/kg/supportedBy,http://example.org/kg/chunk/107-2206_12569v1_rag__chunk_010,107-2206.12569v1_rag,107-2206.12569v1_rag::chunk_010,0.8272967040538788,CQ_S0_R1_0114
http://example.org/kg/cq/CQ_S0_R1_0108,http://example.org/kg/supportedBy,http://example.org/kg/chunk/3-9B18871D-F72F-4437-891F-7FAA000D7A47_am1_rag__chunk_025,3-9B18871D-F72F-4437-891F-7FAA000D7A47 am1_rag,3-9B18871D-F72F-4437-891F-7FAA000D7A47 am1_rag::chunk_025,0.8091636300086975,CQ_S0_R1_0108
http://example.org/kg/cq/CQ_S0_R1_0108,http://example.org/kg/supportedBy,http://example.org/kg/chunk/12-136850056_rag__chunk_000,12-136850056_rag,12-136850056_rag::chunk_000,0.8078485131263733,CQ_S0_R1_0108
http://example.org/kg/cq/CQ_S0_R1_0108,http://example.org/kg/supportedBy,http://example.org/kg/chunk/26-2009_00236v2_rag__chunk_016,26-2009.00236v2_rag,26-2009.00236v2_rag::chunk_016,0.8075875639915466,CQ_S0_R1_0108
http://example.org/kg/cq/CQ_S0_R1_0108,http://example.org/kg/supportedBy,http://example.org/kg/chunk/201-2202_02794v4_rag__chunk_012,201-2202.02794v4_rag,201-2202.02794v4_rag::chunk_012,0.8059424757957458,CQ_S0_R1_0108
http://example.org/kg/cq/CQ_S0_R1_0108,http://example.org/kg/supportedBy,http://example.org/kg/chunk/191-2110_08611v2_rag__chunk_012,191-2110.08611v2_rag,191-2110.08611v2_rag::chunk_012,0.803516685962677,CQ_S0_R1_0108
http://example.org/kg/cq/CQ_S0_R1_0142,http://example.org/kg/supportedBy,http://example.org/kg/chunk/115-1811_07579v2_rag__chunk_009,115-1811.07579v2_rag,115-1811.07579v2_rag::chunk_009,0.8366488218307495,CQ_S0_R1_0142
http://example.org/kg/cq/CQ_S0_R1_0142,http://example.org/kg/supportedBy,http://example.org/kg/chunk/160-ActiveLearningADPRL_rag__chunk_007,160-ActiveLearningADPRL_rag,160-ActiveLearningADPRL_rag::chunk_007,0.8267610669136047,CQ_S0_R1_0142
http://example.org/kg/cq/CQ_S0_R1_0142,http://example.org/kg/supportedBy,http://example.org/kg/chunk/59-2022_findings-emnlp_80_rag__chunk_004,59-2022.findings-emnlp.80_rag,59-2022.findings-emnlp.80_rag::chunk_004,0.8264411687850952,CQ_S0_R1_0142
http://example.org/kg/cq/CQ_S0_R1_0142,http://example.org/kg/supportedBy,http://example.org/kg/chunk/59-2022_findings-emnlp_80_rag__chunk_005,59-2022.findings-emnlp.80_rag,59-2022.findings-emnlp.80_rag::chunk_005,0.8252455294132233,CQ_S0_R1_0142
http://example.org/kg/cq/CQ_S0_R1_0142,http://example.org/kg/supportedBy,http://example.org/kg/chunk/20-2211_14819v2_rag__chunk_003,20-2211.14819v2_rag,20-2211.14819v2_rag::chunk_003,0.8252185583114624,CQ_S0_R1_0142
http://example.org/kg/cq/CQ_S0_R1_0104,http://example.org/kg/supportedBy,http://example.org/kg/chunk/177-2005_07402v1_rag__chunk_010,177-2005.07402v1_rag,177-2005.07402v1_rag::chunk_010,0.8490878641605377,CQ_S0_R1_0104
http://example.org/kg/cq/CQ_S0_R1_0104,http://example.org/kg/supportedBy,http://example.org/kg/chunk/177-2005_07402v1_rag__chunk_000,177-2005.07402v1_rag,177-2005.07402v1_rag::chunk_000,0.8471935987472534,CQ_S0_R1_0104
http://example.org/kg/cq/CQ_S0_R1_0104,http://example.org/kg/supportedBy,http://example.org/kg/chunk/177-2005_07402v1_rag__chunk_001,177-2005.07402v1_rag,177-2005.07402v1_rag::chunk_001,0.8420886397361755,CQ_S0_R1_0104
http://example.org/kg/cq/CQ_S0_R1_0104,http://example.org/kg/supportedBy,http://example.org/kg/chunk/38-D17-1063_rag__chunk_003,38-D17-1063_rag,38-D17-1063_rag::chunk_003,0.8406233787536621,CQ_S0_R1_0104
http://example.org/kg/cq/CQ_S0_R1_0104,http://example.org/kg/supportedBy,http://example.org/kg/chunk/25-mathematics-11-00820_rag__chunk_027,25-mathematics-11-00820_rag,25-mathematics-11-00820_rag::chunk_027,0.8349058628082275,CQ_S0_R1_0104
http://example.org/kg/cq/CQ_S0_R1_0122,http://example.org/kg/supportedBy,http://example.org/kg/chunk/38-D17-1063_rag__chunk_003,38-D17-1063_rag,38-D17-1063_rag::chunk_003,0.8048936426639557,CQ_S0_R1_0122
http://example.org/kg/cq/CQ_S0_R1_0122,http://example.org/kg/supportedBy,http://example.org/kg/chunk/42-1802_09841v1_rag__chunk_002,42-1802.09841v1_rag,42-1802.09841v1_rag::chunk_002,0.8025062084197998,CQ_S0_R1_0122
http://example.org/kg/cq/CQ_S0_R1_0122,http://example.org/kg/supportedBy,http://example.org/kg/chunk/169-2004_10931v1_rag__chunk_013,169-2004.10931v1_rag,169-2004.10931v1_rag::chunk_013,0.8022811412811279,CQ_S0_R1_0122
http://example.org/kg/cq/CQ_S0_R1_0122,http://example.org/kg/supportedBy,http://example.org/kg/chunk/186-2201_11661v1_rag__chunk_013,186-2201.11661v1_rag,186-2201.11661v1_rag::chunk_013,0.802123486995697,CQ_S0_R1_0122
http://example.org/kg/cq/CQ_S0_R1_0122,http://example.org/kg/supportedBy,http://example.org/kg/chunk/20-2211_14819v2_rag__chunk_003,20-2211.14819v2_rag,20-2211.14819v2_rag::chunk_003,0.8016626536846161,CQ_S0_R1_0122
http://example.org/kg/cq/CQ_S0_R1_0097,http://example.org/kg/supportedBy,http://example.org/kg/chunk/20-2211_14819v2_rag__chunk_002,20-2211.14819v2_rag,20-2211.14819v2_rag::chunk_002,0.8402706980705261,CQ_S0_R1_0097
http://example.org/kg/cq/CQ_S0_R1_0097,http://example.org/kg/supportedBy,http://example.org/kg/chunk/25-mathematics-11-00820_rag__chunk_009,25-mathematics-11-00820_rag,25-mathematics-11-00820_rag::chunk_009,0.8239855468273163,CQ_S0_R1_0097
http://example.org/kg/cq/CQ_S0_R1_0097,http://example.org/kg/supportedBy,http://example.org/kg/chunk/26-2009_00236v2_rag__chunk_004,26-2009.00236v2_rag,26-2009.00236v2_rag::chunk_004,0.8203238546848297,CQ_S0_R1_0097
http://example.org/kg/cq/CQ_S0_R1_0097,http://example.org/kg/supportedBy,http://example.org/kg/chunk/20-2211_14819v2_rag__chunk_003,20-2211.14819v2_rag,20-2211.14819v2_rag::chunk_003,0.8167125880718231,CQ_S0_R1_0097
http://example.org/kg/cq/CQ_S0_R1_0097,http://example.org/kg/supportedBy,http://example.org/kg/chunk/131-2007_04637v3_rag__chunk_003,131-2007.04637v3_rag,131-2007.04637v3_rag::chunk_003,0.8120740354061127,CQ_S0_R1_0097
http://example.org/kg/cq/CQ_S0_R1_0137,http://example.org/kg/supportedBy,http://example.org/kg/chunk/49-1904_00370v3_rag__chunk_005,49-1904.00370v3_rag,49-1904.00370v3_rag::chunk_005,0.8402131497859955,CQ_S0_R1_0137
http://example.org/kg/cq/CQ_S0_R1_0137,http://example.org/kg/supportedBy,http://example.org/kg/chunk/97-2003_00393v1_rag__chunk_001,97-2003.00393v1_rag,97-2003.00393v1_rag::chunk_001,0.8386933207511902,CQ_S0_R1_0137
http://example.org/kg/cq/CQ_S0_R1_0137,http://example.org/kg/supportedBy,http://example.org/kg/chunk/49-1904_00370v3_rag__chunk_014,49-1904.00370v3_rag,49-1904.00370v3_rag::chunk_014,0.8368417024612427,CQ_S0_R1_0137
http://example.org/kg/cq/CQ_S0_R1_0137,http://example.org/kg/supportedBy,http://example.org/kg/chunk/20-2211_14819v2_rag__chunk_007,20-2211.14819v2_rag,20-2211.14819v2_rag::chunk_007,0.834121972322464,CQ_S0_R1_0137
http://example.org/kg/cq/CQ_S0_R1_0137,http://example.org/kg/supportedBy,http://example.org/kg/chunk/26-2009_00236v2_rag__chunk_020,26-2009.00236v2_rag,26-2009.00236v2_rag::chunk_020,0.833726167678833,CQ_S0_R1_0137
http://example.org/kg/cq/CQ_S0_R1_0107,http://example.org/kg/supportedBy,http://example.org/kg/chunk/60-2022_findings-emnlp_235_rag__chunk_003,60-2022.findings-emnlp.235_rag,60-2022.findings-emnlp.235_rag::chunk_003,0.820544421672821,CQ_S0_R1_0107
http://example.org/kg/cq/CQ_S0_R1_0107,http://example.org/kg/supportedBy,http://example.org/kg/chunk/60-2022_findings-emnlp_235_rag__chunk_006,60-2022.findings-emnlp.235_rag,60-2022.findings-emnlp.235_rag::chunk_006,0.817755937576294,CQ_S0_R1_0107
http://example.org/kg/cq/CQ_S0_R1_0107,http://example.org/kg/supportedBy,http://example.org/kg/chunk/60-2022_findings-emnlp_235_rag__chunk_005,60-2022.findings-emnlp.235_rag,60-2022.findings-emnlp.235_rag::chunk_005,0.8041257262229919,CQ_S0_R1_0107
http://example.org/kg/cq/CQ_S0_R1_0107,http://example.org/kg/supportedBy,http://example.org/kg/chunk/20-2211_14819v2_rag__chunk_008,20-2211.14819v2_rag,20-2211.14819v2_rag::chunk_008,0.7984945774078369,CQ_S0_R1_0107
http://example.org/kg/cq/CQ_S0_R1_0107,http://example.org/kg/supportedBy,http://example.org/kg/chunk/56-2011_04194v3_rag__chunk_002,56-2011.04194v3_rag,56-2011.04194v3_rag::chunk_002,0.7944076657295227,CQ_S0_R1_0107
http://example.org/kg/cq/CQ_S0_R1_0117,http://example.org/kg/supportedBy,http://example.org/kg/chunk/22-2203_13450v3_rag__chunk_016,22-2203.13450v3_rag,22-2203.13450v3_rag::chunk_016,0.8395854532718658,CQ_S0_R1_0117
http://example.org/kg/cq/CQ_S0_R1_0117,http://example.org/kg/supportedBy,http://example.org/kg/chunk/26-2009_00236v2_rag__chunk_005,26-2009.00236v2_rag,26-2009.00236v2_rag::chunk_005,0.8348797261714935,CQ_S0_R1_0117
http://example.org/kg/cq/CQ_S0_R1_0117,http://example.org/kg/supportedBy,http://example.org/kg/chunk/134-0354_rag__chunk_005,134-0354_rag,134-0354_rag::chunk_005,0.83443483710289,CQ_S0_R1_0117
http://example.org/kg/cq/CQ_S0_R1_0117,http://example.org/kg/supportedBy,http://example.org/kg/chunk/26-2009_00236v2_rag__chunk_016,26-2009.00236v2_rag,26-2009.00236v2_rag::chunk_016,0.8336658477783203,CQ_S0_R1_0117
http://example.org/kg/cq/CQ_S0_R1_0117,http://example.org/kg/supportedBy,http://example.org/kg/chunk/199-0420_rag__chunk_001,199-0420_rag,199-0420_rag::chunk_001,0.8329216837882996,CQ_S0_R1_0117
http://example.org/kg/cq/CQ_S0_R1_0127,http://example.org/kg/supportedBy,http://example.org/kg/chunk/22-2203_13450v3_rag__chunk_002,22-2203.13450v3_rag,22-2203.13450v3_rag::chunk_002,0.8193916380405426,CQ_S0_R1_0127
http://example.org/kg/cq/CQ_S0_R1_0127,http://example.org/kg/supportedBy,http://example.org/kg/chunk/26-2009_00236v2_rag__chunk_017,26-2009.00236v2_rag,26-2009.00236v2_rag::chunk_017,0.8193337917327881,CQ_S0_R1_0127
http://example.org/kg/cq/CQ_S0_R1_0127,http://example.org/kg/supportedBy,http://example.org/kg/chunk/26-2009_00236v2_rag__chunk_008,26-2009.00236v2_rag,26-2009.00236v2_rag::chunk_008,0.8190937340259552,CQ_S0_R1_0127
http://example.org/kg/cq/CQ_S0_R1_0127,http://example.org/kg/supportedBy,http://example.org/kg/chunk/22-2203_13450v3_rag__chunk_016,22-2203.13450v3_rag,22-2203.13450v3_rag::chunk_016,0.8182092308998108,CQ_S0_R1_0127
http://example.org/kg/cq/CQ_S0_R1_0127,http://example.org/kg/supportedBy,http://example.org/kg/chunk/22-2203_13450v3_rag__chunk_006,22-2203.13450v3_rag,22-2203.13450v3_rag::chunk_006,0.8139455914497375,CQ_S0_R1_0127
http://example.org/kg/cq/CQ_S0_R1_0123,http://example.org/kg/supportedBy,http://example.org/kg/chunk/191-2110_08611v2_rag__chunk_012,191-2110.08611v2_rag,191-2110.08611v2_rag::chunk_012,0.8137493133544922,CQ_S0_R1_0123
http://example.org/kg/cq/CQ_S0_R1_0123,http://example.org/kg/supportedBy,http://example.org/kg/chunk/191-2110_08611v2_rag__chunk_013,191-2110.08611v2_rag,191-2110.08611v2_rag::chunk_013,0.8065693378448486,CQ_S0_R1_0123
http://example.org/kg/cq/CQ_S0_R1_0123,http://example.org/kg/supportedBy,http://example.org/kg/chunk/21-0634_rag__chunk_014,21-0634_rag,21-0634_rag::chunk_014,0.8055823445320129,CQ_S0_R1_0123
http://example.org/kg/cq/CQ_S0_R1_0123,http://example.org/kg/supportedBy,http://example.org/kg/chunk/26-2009_00236v2_rag__chunk_008,26-2009.00236v2_rag,26-2009.00236v2_rag::chunk_008,0.798854410648346,CQ_S0_R1_0123
http://example.org/kg/cq/CQ_S0_R1_0123,http://example.org/kg/supportedBy,http://example.org/kg/chunk/197-2202_01402v2_rag__chunk_010,197-2202.01402v2_rag,197-2202.01402v2_rag::chunk_010,0.7985049188137054,CQ_S0_R1_0123
http://example.org/kg/cq/CQ_S0_R1_0139,http://example.org/kg/supportedBy,http://example.org/kg/chunk/45-1906_08158v2_rag__chunk_002,45-1906.08158v2_rag,45-1906.08158v2_rag::chunk_002,0.8530915975570679,CQ_S0_R1_0139
http://example.org/kg/cq/CQ_S0_R1_0139,http://example.org/kg/supportedBy,http://example.org/kg/chunk/48-1904_11643v1_rag__chunk_006,48-1904.11643v1_rag,48-1904.11643v1_rag::chunk_006,0.8330430686473846,CQ_S0_R1_0139
http://example.org/kg/cq/CQ_S0_R1_0139,http://example.org/kg/supportedBy,http://example.org/kg/chunk/20-2211_14819v2_rag__chunk_006,20-2211.14819v2_rag,20-2211.14819v2_rag::chunk_006,0.832322359085083,CQ_S0_R1_0139
http://example.org/kg/cq/CQ_S0_R1_0139,http://example.org/kg/supportedBy,http://example.org/kg/chunk/45-1906_08158v2_rag__chunk_001,45-1906.08158v2_rag,45-1906.08158v2_rag::chunk_001,0.8315767347812653,CQ_S0_R1_0139
http://example.org/kg/cq/CQ_S0_R1_0139,http://example.org/kg/supportedBy,http://example.org/kg/chunk/113-2111_02275v2_rag__chunk_012,113-2111.02275v2_rag,113-2111.02275v2_rag::chunk_012,0.8299577832221985,CQ_S0_R1_0139
http://example.org/kg/cq/CQ_S0_R1_0133,http://example.org/kg/supportedBy,http://example.org/kg/chunk/149-2204_07965v1_rag__chunk_003,149-2204.07965v1_rag,149-2204.07965v1_rag::chunk_003,0.8416294753551483,CQ_S0_R1_0133
http://example.org/kg/cq/CQ_S0_R1_0133,http://example.org/kg/supportedBy,http://example.org/kg/chunk/20-2211_14819v2_rag__chunk_011,20-2211.14819v2_rag,20-2211.14819v2_rag::chunk_011,0.8396047949790955,CQ_S0_R1_0133
http://example.org/kg/cq/CQ_S0_R1_0133,http://example.org/kg/supportedBy,http://example.org/kg/chunk/149-2204_07965v1_rag__chunk_005,149-2204.07965v1_rag,149-2204.07965v1_rag::chunk_005,0.8395372927188873,CQ_S0_R1_0133
http://example.org/kg/cq/CQ_S0_R1_0133,http://example.org/kg/supportedBy,http://example.org/kg/chunk/66-978-3-319-10602-1_48_rag__chunk_001,66-978-3-319-10602-1_48_rag,66-978-3-319-10602-1_48_rag::chunk_001,0.8367448151111603,CQ_S0_R1_0133
http://example.org/kg/cq/CQ_S0_R1_0133,http://example.org/kg/supportedBy,http://example.org/kg/chunk/66-978-3-319-10602-1_48_rag__chunk_006,66-978-3-319-10602-1_48_rag,66-978-3-319-10602-1_48_rag::chunk_006,0.8341177105903625,CQ_S0_R1_0133
http://example.org/kg/cq/CQ_S0_R1_0103,http://example.org/kg/supportedBy,http://example.org/kg/chunk/49-1904_00370v3_rag__chunk_006,49-1904.00370v3_rag,49-1904.00370v3_rag::chunk_006,0.7974966764450073,CQ_S0_R1_0103
http://example.org/kg/cq/CQ_S0_R1_0103,http://example.org/kg/supportedBy,http://example.org/kg/chunk/24-active-survey_rag__chunk_031,24-active-survey_rag,24-active-survey_rag::chunk_031,0.7974261343479156,CQ_S0_R1_0103
http://example.org/kg/cq/CQ_S0_R1_0103,http://example.org/kg/supportedBy,http://example.org/kg/chunk/19-1910_02923v2_rag__chunk_023,19-1910.02923v2_rag,19-1910.02923v2_rag::chunk_023,0.7970787286758423,CQ_S0_R1_0103
http://example.org/kg/cq/CQ_S0_R1_0103,http://example.org/kg/supportedBy,http://example.org/kg/chunk/25-mathematics-11-00820_rag__chunk_022,25-mathematics-11-00820_rag,25-mathematics-11-00820_rag::chunk_022,0.7944108545780182,CQ_S0_R1_0103
http://example.org/kg/cq/CQ_S0_R1_0103,http://example.org/kg/supportedBy,http://example.org/kg/chunk/49-1904_00370v3_rag__chunk_012,49-1904.00370v3_rag,49-1904.00370v3_rag::chunk_012,0.7941881120204926,CQ_S0_R1_0103
http://example.org/kg/cq/CQ_S0_R1_0119,http://example.org/kg/supportedBy,http://example.org/kg/chunk/22-2203_13450v3_rag__chunk_000,22-2203.13450v3_rag,22-2203.13450v3_rag::chunk_000,0.8079237043857574,CQ_S0_R1_0119
http://example.org/kg/cq/CQ_S0_R1_0119,http://example.org/kg/supportedBy,http://example.org/kg/chunk/134-0354_rag__chunk_004,134-0354_rag,134-0354_rag::chunk_004,0.8054917454719543,CQ_S0_R1_0119
http://example.org/kg/cq/CQ_S0_R1_0119,http://example.org/kg/supportedBy,http://example.org/kg/chunk/103-2210_12704v1_rag__chunk_001,103-2210.12704v1_rag,103-2210.12704v1_rag::chunk_001,0.7971971035003662,CQ_S0_R1_0119
http://example.org/kg/cq/CQ_S0_R1_0119,http://example.org/kg/supportedBy,http://example.org/kg/chunk/46-Gong_Deep_reinforcement_active_2020_Accepted_rag__chunk_003,46-Gong Deep reinforcement active 2020 Accepted_rag,46-Gong Deep reinforcement active 2020 Accepted_rag::chunk_003,0.7966432273387909,CQ_S0_R1_0119
http://example.org/kg/cq/CQ_S0_R1_0119,http://example.org/kg/supportedBy,http://example.org/kg/chunk/22-2203_13450v3_rag__chunk_001,22-2203.13450v3_rag,22-2203.13450v3_rag::chunk_001,0.795917809009552,CQ_S0_R1_0119
http://example.org/kg/cq/CQ_S0_R1_0111,http://example.org/kg/supportedBy,http://example.org/kg/chunk/26-2009_00236v2_rag__chunk_018,26-2009.00236v2_rag,26-2009.00236v2_rag::chunk_018,0.8338083028793335,CQ_S0_R1_0111
http://example.org/kg/cq/CQ_S0_R1_0111,http://example.org/kg/supportedBy,http://example.org/kg/chunk/30-2210_04137v2_rag__chunk_014,30-2210.04137v2_rag,30-2210.04137v2_rag::chunk_014,0.8309673070907593,CQ_S0_R1_0111
http://example.org/kg/cq/CQ_S0_R1_0111,http://example.org/kg/supportedBy,http://example.org/kg/chunk/30-2210_04137v2_rag__chunk_002,30-2210.04137v2_rag,30-2210.04137v2_rag::chunk_002,0.823812335729599,CQ_S0_R1_0111
http://example.org/kg/cq/CQ_S0_R1_0111,http://example.org/kg/supportedBy,http://example.org/kg/chunk/26-2009_00236v2_rag__chunk_017,26-2009.00236v2_rag,26-2009.00236v2_rag::chunk_017,0.8227657377719879,CQ_S0_R1_0111
http://example.org/kg/cq/CQ_S0_R1_0111,http://example.org/kg/supportedBy,http://example.org/kg/chunk/22-2203_13450v3_rag__chunk_002,22-2203.13450v3_rag,22-2203.13450v3_rag::chunk_002,0.8205089569091797,CQ_S0_R1_0111
http://example.org/kg/cq/CQ_S0_R1_0143,http://example.org/kg/supportedBy,http://example.org/kg/chunk/57-2002_04709v2_rag__chunk_013,57-2002.04709v2_rag,57-2002.04709v2_rag::chunk_013,0.8148604035377502,CQ_S0_R1_0143
http://example.org/kg/cq/CQ_S0_R1_0143,http://example.org/kg/supportedBy,http://example.org/kg/chunk/60-2022_findings-emnlp_235_rag__chunk_005,60-2022.findings-emnlp.235_rag,60-2022.findings-emnlp.235_rag::chunk_005,0.8125599324703217,CQ_S0_R1_0143
http://example.org/kg/cq/CQ_S0_R1_0143,http://example.org/kg/supportedBy,http://example.org/kg/chunk/51-1910_07153v2_rag__chunk_002,51-1910.07153v2_rag,51-1910.07153v2_rag::chunk_002,0.8110118508338928,CQ_S0_R1_0143
http://example.org/kg/cq/CQ_S0_R1_0143,http://example.org/kg/supportedBy,http://example.org/kg/chunk/52-2004_04943v1_rag__chunk_004,52-2004.04943v1_rag,52-2004.04943v1_rag::chunk_004,0.8098771274089813,CQ_S0_R1_0143
http://example.org/kg/cq/CQ_S0_R1_0143,http://example.org/kg/supportedBy,http://example.org/kg/chunk/189-17205-Article_Text-20699-1-2-20210518_rag__chunk_001,189-17205-Article Text-20699-1-2-20210518_rag,189-17205-Article Text-20699-1-2-20210518_rag::chunk_001,0.8071652054786682,CQ_S0_R1_0143
http://example.org/kg/cq/CQ_S0_R1_0109,http://example.org/kg/supportedBy,http://example.org/kg/chunk/49-1904_00370v3_rag__chunk_006,49-1904.00370v3_rag,49-1904.00370v3_rag::chunk_006,0.8018245697021484,CQ_S0_R1_0109
http://example.org/kg/cq/CQ_S0_R1_0109,http://example.org/kg/supportedBy,http://example.org/kg/chunk/24-active-survey_rag__chunk_031,24-active-survey_rag,24-active-survey_rag::chunk_031,0.7986493408679962,CQ_S0_R1_0109
http://example.org/kg/cq/CQ_S0_R1_0109,http://example.org/kg/supportedBy,http://example.org/kg/chunk/193-0314_rag__chunk_002,193-0314_rag,193-0314_rag::chunk_002,0.7978234589099884,CQ_S0_R1_0109
http://example.org/kg/cq/CQ_S0_R1_0109,http://example.org/kg/supportedBy,http://example.org/kg/chunk/46-Gong_Deep_reinforcement_active_2020_Accepted_rag__chunk_003,46-Gong Deep reinforcement active 2020 Accepted_rag,46-Gong Deep reinforcement active 2020 Accepted_rag::chunk_003,0.7929946780204773,CQ_S0_R1_0109
http://example.org/kg/cq/CQ_S0_R1_0109,http://example.org/kg/supportedBy,http://example.org/kg/chunk/186-2201_11661v1_rag__chunk_001,186-2201.11661v1_rag,186-2201.11661v1_rag::chunk_001,0.7887917757034302,CQ_S0_R1_0109
http://example.org/kg/cq/CQ_S0_R1_0125,http://example.org/kg/supportedBy,http://example.org/kg/chunk/26-2009_00236v2_rag__chunk_009,26-2009.00236v2_rag,26-2009.00236v2_rag::chunk_009,0.7729129195213318,CQ_S0_R1_0125
http://example.org/kg/cq/CQ_S0_R1_0125,http://example.org/kg/supportedBy,http://example.org/kg/chunk/26-2009_00236v2_rag__chunk_017,26-2009.00236v2_rag,26-2009.00236v2_rag::chunk_017,0.7726646065711975,CQ_S0_R1_0125
http://example.org/kg/cq/CQ_S0_R1_0125,http://example.org/kg/supportedBy,http://example.org/kg/chunk/15-2210_10109v2_rag__chunk_003,15-2210.10109v2_rag,15-2210.10109v2_rag::chunk_003,0.7698896527290344,CQ_S0_R1_0125
http://example.org/kg/cq/CQ_S0_R1_0125,http://example.org/kg/supportedBy,http://example.org/kg/chunk/22-2203_13450v3_rag__chunk_006,22-2203.13450v3_rag,22-2203.13450v3_rag::chunk_006,0.7687041759490967,CQ_S0_R1_0125
http://example.org/kg/cq/CQ_S0_R1_0125,http://example.org/kg/supportedBy,http://example.org/kg/chunk/119-2009_03009v1_rag__chunk_001,119-2009.03009v1_rag,119-2009.03009v1_rag::chunk_001,0.7674593925476074,CQ_S0_R1_0125
http://example.org/kg/cq/CQ_S0_R1_0099,http://example.org/kg/supportedBy,http://example.org/kg/chunk/127-1909_03585v1_rag__chunk_008,127-1909.03585v1_rag,127-1909.03585v1_rag::chunk_008,0.8229812383651733,CQ_S0_R1_0099
http://example.org/kg/cq/CQ_S0_R1_0099,http://example.org/kg/supportedBy,http://example.org/kg/chunk/63-learning-features-2009-TR_rag__chunk_010,63-learning-features-2009-TR_rag,63-learning-features-2009-TR_rag::chunk_010,0.8127405643463135,CQ_S0_R1_0099
http://example.org/kg/cq/CQ_S0_R1_0099,http://example.org/kg/supportedBy,http://example.org/kg/chunk/29-2022_acl-short_93_rag__chunk_003,29-2022.acl-short.93_rag,29-2022.acl-short.93_rag::chunk_003,0.8121631145477295,CQ_S0_R1_0099
http://example.org/kg/cq/CQ_S0_R1_0099,http://example.org/kg/supportedBy,http://example.org/kg/chunk/28-s10994-023-06454-2_rag__chunk_032,28-s10994-023-06454-2_rag,28-s10994-023-06454-2_rag::chunk_032,0.8075615763664246,CQ_S0_R1_0099
http://example.org/kg/cq/CQ_S0_R1_0099,http://example.org/kg/supportedBy,http://example.org/kg/chunk/28-s10994-023-06454-2_rag__chunk_014,28-s10994-023-06454-2_rag,28-s10994-023-06454-2_rag::chunk_014,0.8059764504432678,CQ_S0_R1_0099
http://example.org/kg/cq/CQ_S0_R1_0135,http://example.org/kg/supportedBy,http://example.org/kg/chunk/103-2210_12704v1_rag__chunk_004,103-2210.12704v1_rag,103-2210.12704v1_rag::chunk_004,0.7656051814556122,CQ_S0_R1_0135
http://example.org/kg/cq/CQ_S0_R1_0135,http://example.org/kg/supportedBy,http://example.org/kg/chunk/59-2022_findings-emnlp_80_rag__chunk_002,59-2022.findings-emnlp.80_rag,59-2022.findings-emnlp.80_rag::chunk_002,0.765437126159668,CQ_S0_R1_0135
http://example.org/kg/cq/CQ_S0_R1_0135,http://example.org/kg/supportedBy,http://example.org/kg/chunk/46-Gong_Deep_reinforcement_active_2020_Accepted_rag__chunk_003,46-Gong Deep reinforcement active 2020 Accepted_rag,46-Gong Deep reinforcement active 2020 Accepted_rag::chunk_003,0.765397697687149,CQ_S0_R1_0135
http://example.org/kg/cq/CQ_S0_R1_0135,http://example.org/kg/supportedBy,http://example.org/kg/chunk/186-2201_11661v1_rag__chunk_003,186-2201.11661v1_rag,186-2201.11661v1_rag::chunk_003,0.7585508823394775,CQ_S0_R1_0135
http://example.org/kg/cq/CQ_S0_R1_0135,http://example.org/kg/supportedBy,http://example.org/kg/chunk/141-2021_acl-long_332_rag__chunk_003,141-2021.acl-long.332_rag,141-2021.acl-long.332_rag::chunk_003,0.757419764995575,CQ_S0_R1_0135
http://example.org/kg/cq/CQ_S0_R1_0234,http://example.org/kg/supportedBy,http://example.org/kg/chunk/25-mathematics-11-00820_rag__chunk_011,25-mathematics-11-00820_rag,25-mathematics-11-00820_rag::chunk_011,0.8151181638240814,CQ_S0_R1_0234
http://example.org/kg/cq/CQ_S0_R1_0234,http://example.org/kg/supportedBy,http://example.org/kg/chunk/196-2011_01285v1_rag__chunk_007,196-2011.01285v1_rag,196-2011.01285v1_rag::chunk_007,0.8133205473423004,CQ_S0_R1_0234
http://example.org/kg/cq/CQ_S0_R1_0234,http://example.org/kg/supportedBy,http://example.org/kg/chunk/147-1606_09029v4_rag__chunk_019,147-1606.09029v4_rag,147-1606.09029v4_rag::chunk_019,0.8107897639274597,CQ_S0_R1_0234
http://example.org/kg/cq/CQ_S0_R1_0234,http://example.org/kg/supportedBy,http://example.org/kg/chunk/147-1606_09029v4_rag__chunk_021,147-1606.09029v4_rag,147-1606.09029v4_rag::chunk_021,0.8094698488712311,CQ_S0_R1_0234
http://example.org/kg/cq/CQ_S0_R1_0234,http://example.org/kg/supportedBy,http://example.org/kg/chunk/201-2202_02794v4_rag__chunk_002,201-2202.02794v4_rag,201-2202.02794v4_rag::chunk_002,0.8079939186573029,CQ_S0_R1_0234
http://example.org/kg/cq/CQ_S0_R1_0200,http://example.org/kg/supportedBy,http://example.org/kg/chunk/127-1909_03585v1_rag__chunk_010,127-1909.03585v1_rag,127-1909.03585v1_rag::chunk_010,0.8211777806282043,CQ_S0_R1_0200
http://example.org/kg/cq/CQ_S0_R1_0200,http://example.org/kg/supportedBy,http://example.org/kg/chunk/25-mathematics-11-00820_rag__chunk_011,25-mathematics-11-00820_rag,25-mathematics-11-00820_rag::chunk_011,0.8137644529342651,CQ_S0_R1_0200
http://example.org/kg/cq/CQ_S0_R1_0200,http://example.org/kg/supportedBy,http://example.org/kg/chunk/197-2202_01402v2_rag__chunk_001,197-2202.01402v2_rag,197-2202.01402v2_rag::chunk_001,0.8110437989234924,CQ_S0_R1_0200
http://example.org/kg/cq/CQ_S0_R1_0200,http://example.org/kg/supportedBy,http://example.org/kg/chunk/17-2310_14230v3_rag__chunk_025,17-2310.14230v3_rag,17-2310.14230v3_rag::chunk_025,0.8087262511253357,CQ_S0_R1_0200
http://example.org/kg/cq/CQ_S0_R1_0200,http://example.org/kg/supportedBy,http://example.org/kg/chunk/28-s10994-023-06454-2_rag__chunk_016,28-s10994-023-06454-2_rag,28-s10994-023-06454-2_rag::chunk_016,0.8056790232658386,CQ_S0_R1_0200
http://example.org/kg/cq/CQ_S0_R1_0222,http://example.org/kg/supportedBy,http://example.org/kg/chunk/87-2112_01406v3_rag__chunk_003,87-2112.01406v3_rag,87-2112.01406v3_rag::chunk_003,0.8003961741924286,CQ_S0_R1_0222
http://example.org/kg/cq/CQ_S0_R1_0222,http://example.org/kg/supportedBy,http://example.org/kg/chunk/50-1904_07848v2_rag__chunk_001,50-1904.07848v2_rag,50-1904.07848v2_rag::chunk_001,0.787958025932312,CQ_S0_R1_0222
http://example.org/kg/cq/CQ_S0_R1_0222,http://example.org/kg/supportedBy,http://example.org/kg/chunk/22-2203_13450v3_rag__chunk_002,22-2203.13450v3_rag,22-2203.13450v3_rag::chunk_002,0.7826394736766815,CQ_S0_R1_0222
http://example.org/kg/cq/CQ_S0_R1_0222,http://example.org/kg/supportedBy,http://example.org/kg/chunk/22-2203_13450v3_rag__chunk_015,22-2203.13450v3_rag,22-2203.13450v3_rag::chunk_015,0.782016932964325,CQ_S0_R1_0222
http://example.org/kg/cq/CQ_S0_R1_0222,http://example.org/kg/supportedBy,http://example.org/kg/chunk/22-2203_13450v3_rag__chunk_016,22-2203.13450v3_rag,22-2203.13450v3_rag::chunk_016,0.7780677676200867,CQ_S0_R1_0222
http://example.org/kg/cq/CQ_S0_R1_0210,http://example.org/kg/supportedBy,http://example.org/kg/chunk/22-2203_13450v3_rag__chunk_016,22-2203.13450v3_rag,22-2203.13450v3_rag::chunk_016,0.796215683221817,CQ_S0_R1_0210
http://example.org/kg/cq/CQ_S0_R1_0210,http://example.org/kg/supportedBy,http://example.org/kg/chunk/22-2203_13450v3_rag__chunk_005,22-2203.13450v3_rag,22-2203.13450v3_rag::chunk_005,0.7934217154979706,CQ_S0_R1_0210
http://example.org/kg/cq/CQ_S0_R1_0210,http://example.org/kg/supportedBy,http://example.org/kg/chunk/22-2203_13450v3_rag__chunk_002,22-2203.13450v3_rag,22-2203.13450v3_rag::chunk_002,0.790012776851654,CQ_S0_R1_0210
http://example.org/kg/cq/CQ_S0_R1_0210,http://example.org/kg/supportedBy,http://example.org/kg/chunk/22-2203_13450v3_rag__chunk_006,22-2203.13450v3_rag,22-2203.13450v3_rag::chunk_006,0.7888846695423126,CQ_S0_R1_0210
http://example.org/kg/cq/CQ_S0_R1_0210,http://example.org/kg/supportedBy,http://example.org/kg/chunk/101-2007_13959v1_rag__chunk_001,101-2007.13959v1_rag,101-2007.13959v1_rag::chunk_001,0.7868896126747131,CQ_S0_R1_0210
http://example.org/kg/cq/CQ_S0_R1_0238,http://example.org/kg/supportedBy,http://example.org/kg/chunk/21-0634_rag__chunk_014,21-0634_rag,21-0634_rag::chunk_014,0.8175521194934845,CQ_S0_R1_0238
http://example.org/kg/cq/CQ_S0_R1_0238,http://example.org/kg/supportedBy,http://example.org/kg/chunk/26-2009_00236v2_rag__chunk_010,26-2009.00236v2_rag,26-2009.00236v2_rag::chunk_010,0.8116620182991028,CQ_S0_R1_0238
http://example.org/kg/cq/CQ_S0_R1_0238,http://example.org/kg/supportedBy,http://example.org/kg/chunk/191-2110_08611v2_rag__chunk_012,191-2110.08611v2_rag,191-2110.08611v2_rag::chunk_012,0.8088720738887787,CQ_S0_R1_0238
http://example.org/kg/cq/CQ_S0_R1_0238,http://example.org/kg/supportedBy,http://example.org/kg/chunk/26-2009_00236v2_rag__chunk_012,26-2009.00236v2_rag,26-2009.00236v2_rag::chunk_012,0.8084268271923065,CQ_S0_R1_0238
http://example.org/kg/cq/CQ_S0_R1_0238,http://example.org/kg/supportedBy,http://example.org/kg/chunk/32-21378-Article_Text-25391-1-2-20220628_rag__chunk_009,32-21378-Article Text-25391-1-2-20220628_rag,32-21378-Article Text-25391-1-2-20220628_rag::chunk_009,0.8083420991897583,CQ_S0_R1_0238
http://example.org/kg/cq/CQ_S0_R1_0228,http://example.org/kg/supportedBy,http://example.org/kg/chunk/26-2009_00236v2_rag__chunk_017,26-2009.00236v2_rag,26-2009.00236v2_rag::chunk_017,0.8016016483306885,CQ_S0_R1_0228
http://example.org/kg/cq/CQ_S0_R1_0228,http://example.org/kg/supportedBy,http://example.org/kg/chunk/26-2009_00236v2_rag__chunk_006,26-2009.00236v2_rag,26-2009.00236v2_rag::chunk_006,0.7954299747943878,CQ_S0_R1_0228
http://example.org/kg/cq/CQ_S0_R1_0228,http://example.org/kg/supportedBy,http://example.org/kg/chunk/22-2203_13450v3_rag__chunk_016,22-2203.13450v3_rag,22-2203.13450v3_rag::chunk_016,0.7939607501029968,CQ_S0_R1_0228
http://example.org/kg/cq/CQ_S0_R1_0228,http://example.org/kg/supportedBy,http://example.org/kg/chunk/12-136850056_rag__chunk_000,12-136850056_rag,12-136850056_rag::chunk_000,0.7781218588352203,CQ_S0_R1_0228
http://example.org/kg/cq/CQ_S0_R1_0228,http://example.org/kg/supportedBy,http://example.org/kg/chunk/22-2203_13450v3_rag__chunk_000,22-2203.13450v3_rag,22-2203.13450v3_rag::chunk_000,0.7764388024806976,CQ_S0_R1_0228
http://example.org/kg/cq/CQ_S0_R1_0215,http://example.org/kg/supportedBy,http://example.org/kg/chunk/193-0314_rag__chunk_001,193-0314_rag,193-0314_rag::chunk_001,0.7851223051548004,CQ_S0_R1_0215
http://example.org/kg/cq/CQ_S0_R1_0215,http://example.org/kg/supportedBy,http://example.org/kg/chunk/193-0314_rag__chunk_002,193-0314_rag,193-0314_rag::chunk_002,0.7809627056121826,CQ_S0_R1_0215
http://example.org/kg/cq/CQ_S0_R1_0215,http://example.org/kg/supportedBy,http://example.org/kg/chunk/24-active-survey_rag__chunk_031,24-active-survey_rag,24-active-survey_rag::chunk_031,0.7691795825958252,CQ_S0_R1_0215
http://example.org/kg/cq/CQ_S0_R1_0215,http://example.org/kg/supportedBy,http://example.org/kg/chunk/193-0314_rag__chunk_012,193-0314_rag,193-0314_rag::chunk_012,0.7673037350177765,CQ_S0_R1_0215
http://example.org/kg/cq/CQ_S0_R1_0215,http://example.org/kg/supportedBy,http://example.org/kg/chunk/132-1907_00921v1_rag__chunk_010,132-1907.00921v1_rag,132-1907.00921v1_rag::chunk_010,0.7668933272361755,CQ_S0_R1_0215
http://example.org/kg/cq/CQ_S0_R1_0204,http://example.org/kg/supportedBy,http://example.org/kg/chunk/56-2011_04194v3_rag__chunk_012,56-2011.04194v3_rag,56-2011.04194v3_rag::chunk_012,0.8103732168674469,CQ_S0_R1_0204
http://example.org/kg/cq/CQ_S0_R1_0204,http://example.org/kg/supportedBy,http://example.org/kg/chunk/113-2111_02275v2_rag__chunk_005,113-2111.02275v2_rag,113-2111.02275v2_rag::chunk_005,0.8088283836841583,CQ_S0_R1_0204
http://example.org/kg/cq/CQ_S0_R1_0204,http://example.org/kg/supportedBy,http://example.org/kg/chunk/60-2022_findings-emnlp_235_rag__chunk_005,60-2022.findings-emnlp.235_rag,60-2022.findings-emnlp.235_rag::chunk_005,0.8085788786411285,CQ_S0_R1_0204
http://example.org/kg/cq/CQ_S0_R1_0204,http://example.org/kg/supportedBy,http://example.org/kg/chunk/60-2022_findings-emnlp_235_rag__chunk_006,60-2022.findings-emnlp.235_rag,60-2022.findings-emnlp.235_rag::chunk_006,0.8046729862689972,CQ_S0_R1_0204
http://example.org/kg/cq/CQ_S0_R1_0204,http://example.org/kg/supportedBy,http://example.org/kg/chunk/113-2111_02275v2_rag__chunk_007,113-2111.02275v2_rag,113-2111.02275v2_rag::chunk_007,0.8035572171211243,CQ_S0_R1_0204
http://example.org/kg/cq/CQ_S0_R1_0194,http://example.org/kg/supportedBy,http://example.org/kg/chunk/15-2210_10109v2_rag__chunk_009,15-2210.10109v2_rag,15-2210.10109v2_rag::chunk_009,0.8329856693744659,CQ_S0_R1_0194
http://example.org/kg/cq/CQ_S0_R1_0194,http://example.org/kg/supportedBy,http://example.org/kg/chunk/15-2210_10109v2_rag__chunk_010,15-2210.10109v2_rag,15-2210.10109v2_rag::chunk_010,0.826868861913681,CQ_S0_R1_0194
http://example.org/kg/cq/CQ_S0_R1_0194,http://example.org/kg/supportedBy,http://example.org/kg/chunk/19-1910_02923v2_rag__chunk_026,19-1910.02923v2_rag,19-1910.02923v2_rag::chunk_026,0.8237183690071106,CQ_S0_R1_0194
http://example.org/kg/cq/CQ_S0_R1_0194,http://example.org/kg/supportedBy,http://example.org/kg/chunk/17-2310_14230v3_rag__chunk_002,17-2310.14230v3_rag,17-2310.14230v3_rag::chunk_002,0.8159208297729492,CQ_S0_R1_0194
http://example.org/kg/cq/CQ_S0_R1_0194,http://example.org/kg/supportedBy,http://example.org/kg/chunk/17-2310_14230v3_rag__chunk_050,17-2310.14230v3_rag,17-2310.14230v3_rag::chunk_050,0.8157548904418945,CQ_S0_R1_0194
http://example.org/kg/cq/CQ_S0_R1_0213,http://example.org/kg/supportedBy,http://example.org/kg/chunk/141-2021_acl-long_332_rag__chunk_000,141-2021.acl-long.332_rag,141-2021.acl-long.332_rag::chunk_000,0.8153582215309143,CQ_S0_R1_0213
http://example.org/kg/cq/CQ_S0_R1_0213,http://example.org/kg/supportedBy,http://example.org/kg/chunk/141-2021_acl-long_332_rag__chunk_002,141-2021.acl-long.332_rag,141-2021.acl-long.332_rag::chunk_002,0.8143958449363708,CQ_S0_R1_0213
http://example.org/kg/cq/CQ_S0_R1_0213,http://example.org/kg/supportedBy,http://example.org/kg/chunk/15-2210_10109v2_rag__chunk_010,15-2210.10109v2_rag,15-2210.10109v2_rag::chunk_010,0.810996949672699,CQ_S0_R1_0213
http://example.org/kg/cq/CQ_S0_R1_0213,http://example.org/kg/supportedBy,http://example.org/kg/chunk/141-2021_acl-long_332_rag__chunk_001,141-2021.acl-long.332_rag,141-2021.acl-long.332_rag::chunk_001,0.8020644783973694,CQ_S0_R1_0213
http://example.org/kg/cq/CQ_S0_R1_0213,http://example.org/kg/supportedBy,http://example.org/kg/chunk/141-2021_acl-long_332_rag__chunk_011,141-2021.acl-long.332_rag,141-2021.acl-long.332_rag::chunk_011,0.7995077669620514,CQ_S0_R1_0213
http://example.org/kg/cq/CQ_S0_R1_0225,http://example.org/kg/supportedBy,http://example.org/kg/chunk/22-2203_13450v3_rag__chunk_016,22-2203.13450v3_rag,22-2203.13450v3_rag::chunk_016,0.7772988379001617,CQ_S0_R1_0225
http://example.org/kg/cq/CQ_S0_R1_0225,http://example.org/kg/supportedBy,http://example.org/kg/chunk/168-0298_rag__chunk_010,168-0298_rag,168-0298_rag::chunk_010,0.7692921459674835,CQ_S0_R1_0225
http://example.org/kg/cq/CQ_S0_R1_0225,http://example.org/kg/supportedBy,http://example.org/kg/chunk/22-2203_13450v3_rag__chunk_007,22-2203.13450v3_rag,22-2203.13450v3_rag::chunk_007,0.7692740857601166,CQ_S0_R1_0225
http://example.org/kg/cq/CQ_S0_R1_0225,http://example.org/kg/supportedBy,http://example.org/kg/chunk/22-2203_13450v3_rag__chunk_001,22-2203.13450v3_rag,22-2203.13450v3_rag::chunk_001,0.7672387361526489,CQ_S0_R1_0225
http://example.org/kg/cq/CQ_S0_R1_0225,http://example.org/kg/supportedBy,http://example.org/kg/chunk/22-2203_13450v3_rag__chunk_015,22-2203.13450v3_rag,22-2203.13450v3_rag::chunk_015,0.7669645547866821,CQ_S0_R1_0225
http://example.org/kg/cq/CQ_S0_R1_0208,http://example.org/kg/supportedBy,http://example.org/kg/chunk/186-2201_11661v1_rag__chunk_003,186-2201.11661v1_rag,186-2201.11661v1_rag::chunk_003,0.7854759395122528,CQ_S0_R1_0208
http://example.org/kg/cq/CQ_S0_R1_0208,http://example.org/kg/supportedBy,http://example.org/kg/chunk/60-2022_findings-emnlp_235_rag__chunk_003,60-2022.findings-emnlp.235_rag,60-2022.findings-emnlp.235_rag::chunk_003,0.7671537399291992,CQ_S0_R1_0208
http://example.org/kg/cq/CQ_S0_R1_0208,http://example.org/kg/supportedBy,http://example.org/kg/chunk/180-2205_11320v3_rag__chunk_001,180-2205.11320v3_rag,180-2205.11320v3_rag::chunk_001,0.7655126750469208,CQ_S0_R1_0208
http://example.org/kg/cq/CQ_S0_R1_0208,http://example.org/kg/supportedBy,http://example.org/kg/chunk/60-2022_findings-emnlp_235_rag__chunk_005,60-2022.findings-emnlp.235_rag,60-2022.findings-emnlp.235_rag::chunk_005,0.7642216086387634,CQ_S0_R1_0208
http://example.org/kg/cq/CQ_S0_R1_0208,http://example.org/kg/supportedBy,http://example.org/kg/chunk/137-2305_09807v2_rag__chunk_002,137-2305.09807v2_rag,137-2305.09807v2_rag::chunk_002,0.7640937566757202,CQ_S0_R1_0208
http://example.org/kg/cq/CQ_S0_R1_0196,http://example.org/kg/supportedBy,http://example.org/kg/chunk/131-2007_04637v3_rag__chunk_011,131-2007.04637v3_rag,131-2007.04637v3_rag::chunk_011,0.7945197820663452,CQ_S0_R1_0196
http://example.org/kg/cq/CQ_S0_R1_0196,http://example.org/kg/supportedBy,http://example.org/kg/chunk/25-mathematics-11-00820_rag__chunk_025,25-mathematics-11-00820_rag,25-mathematics-11-00820_rag::chunk_025,0.7938811779022217,CQ_S0_R1_0196
http://example.org/kg/cq/CQ_S0_R1_0196,http://example.org/kg/supportedBy,http://example.org/kg/chunk/56-2011_04194v3_rag__chunk_010,56-2011.04194v3_rag,56-2011.04194v3_rag::chunk_010,0.7924227118492126,CQ_S0_R1_0196
http://example.org/kg/cq/CQ_S0_R1_0196,http://example.org/kg/supportedBy,http://example.org/kg/chunk/113-2111_02275v2_rag__chunk_006,113-2111.02275v2_rag,113-2111.02275v2_rag::chunk_006,0.7921165823936462,CQ_S0_R1_0196
http://example.org/kg/cq/CQ_S0_R1_0196,http://example.org/kg/supportedBy,http://example.org/kg/chunk/29-2022_acl-short_93_rag__chunk_005,29-2022.acl-short.93_rag,29-2022.acl-short.93_rag::chunk_005,0.7917594611644745,CQ_S0_R1_0196
http://example.org/kg/cq/CQ_S0_R1_0205,http://example.org/kg/supportedBy,http://example.org/kg/chunk/138-2105_10155v2_rag__chunk_002,138-2105.10155v2_rag,138-2105.10155v2_rag::chunk_002,0.8238599598407745,CQ_S0_R1_0205
http://example.org/kg/cq/CQ_S0_R1_0205,http://example.org/kg/supportedBy,http://example.org/kg/chunk/34-1506_02158v6_rag__chunk_001,34-1506.02158v6_rag,34-1506.02158v6_rag::chunk_001,0.8011666834354401,CQ_S0_R1_0205
http://example.org/kg/cq/CQ_S0_R1_0205,http://example.org/kg/supportedBy,http://example.org/kg/chunk/22-2203_13450v3_rag__chunk_007,22-2203.13450v3_rag,22-2203.13450v3_rag::chunk_007,0.7991355657577515,CQ_S0_R1_0205
http://example.org/kg/cq/CQ_S0_R1_0205,http://example.org/kg/supportedBy,http://example.org/kg/chunk/103-2210_12704v1_rag__chunk_008,103-2210.12704v1_rag,103-2210.12704v1_rag::chunk_008,0.7963347733020782,CQ_S0_R1_0205
http://example.org/kg/cq/CQ_S0_R1_0205,http://example.org/kg/supportedBy,http://example.org/kg/chunk/138-2105_10155v2_rag__chunk_003,138-2105.10155v2_rag,138-2105.10155v2_rag::chunk_003,0.79536572098732,CQ_S0_R1_0205
http://example.org/kg/cq/CQ_S0_R1_0227,http://example.org/kg/supportedBy,http://example.org/kg/chunk/17-2310_14230v3_rag__chunk_029,17-2310.14230v3_rag,17-2310.14230v3_rag::chunk_029,0.826483964920044,CQ_S0_R1_0227
http://example.org/kg/cq/CQ_S0_R1_0227,http://example.org/kg/supportedBy,http://example.org/kg/chunk/46-Gong_Deep_reinforcement_active_2020_Accepted_rag__chunk_001,46-Gong Deep reinforcement active 2020 Accepted_rag,46-Gong Deep reinforcement active 2020 Accepted_rag::chunk_001,0.8137496709823608,CQ_S0_R1_0227
http://example.org/kg/cq/CQ_S0_R1_0227,http://example.org/kg/supportedBy,http://example.org/kg/chunk/26-2009_00236v2_rag__chunk_017,26-2009.00236v2_rag,26-2009.00236v2_rag::chunk_017,0.8019003868103027,CQ_S0_R1_0227
http://example.org/kg/cq/CQ_S0_R1_0227,http://example.org/kg/supportedBy,http://example.org/kg/chunk/46-Gong_Deep_reinforcement_active_2020_Accepted_rag__chunk_008,46-Gong Deep reinforcement active 2020 Accepted_rag,46-Gong Deep reinforcement active 2020 Accepted_rag::chunk_008,0.8010393381118774,CQ_S0_R1_0227
http://example.org/kg/cq/CQ_S0_R1_0227,http://example.org/kg/supportedBy,http://example.org/kg/chunk/22-2203_13450v3_rag__chunk_016,22-2203.13450v3_rag,22-2203.13450v3_rag::chunk_016,0.7979964315891266,CQ_S0_R1_0227
http://example.org/kg/cq/CQ_S0_R1_0235,http://example.org/kg/supportedBy,http://example.org/kg/chunk/49-1904_00370v3_rag__chunk_012,49-1904.00370v3_rag,49-1904.00370v3_rag::chunk_012,0.798607349395752,CQ_S0_R1_0235
http://example.org/kg/cq/CQ_S0_R1_0235,http://example.org/kg/supportedBy,http://example.org/kg/chunk/22-2203_13450v3_rag__chunk_016,22-2203.13450v3_rag,22-2203.13450v3_rag::chunk_016,0.7944088876247406,CQ_S0_R1_0235
http://example.org/kg/cq/CQ_S0_R1_0235,http://example.org/kg/supportedBy,http://example.org/kg/chunk/19-1910_02923v2_rag__chunk_022,19-1910.02923v2_rag,19-1910.02923v2_rag::chunk_022,0.794384241104126,CQ_S0_R1_0235
http://example.org/kg/cq/CQ_S0_R1_0235,http://example.org/kg/supportedBy,http://example.org/kg/chunk/49-1904_00370v3_rag__chunk_006,49-1904.00370v3_rag,49-1904.00370v3_rag::chunk_006,0.79389488697052,CQ_S0_R1_0235
http://example.org/kg/cq/CQ_S0_R1_0235,http://example.org/kg/supportedBy,http://example.org/kg/chunk/24-active-survey_rag__chunk_031,24-active-survey_rag,24-active-survey_rag::chunk_031,0.7918334007263184,CQ_S0_R1_0235
http://example.org/kg/cq/CQ_S0_R1_0239,http://example.org/kg/supportedBy,http://example.org/kg/chunk/192-socialcom2011-rahuls_rag__chunk_005,192-socialcom2011-rahuls_rag,192-socialcom2011-rahuls_rag::chunk_005,0.7949236333370209,CQ_S0_R1_0239
http://example.org/kg/cq/CQ_S0_R1_0239,http://example.org/kg/supportedBy,http://example.org/kg/chunk/195-2007_08479v3_rag__chunk_006,195-2007.08479v3_rag,195-2007.08479v3_rag::chunk_006,0.7887101173400879,CQ_S0_R1_0239
http://example.org/kg/cq/CQ_S0_R1_0239,http://example.org/kg/supportedBy,http://example.org/kg/chunk/60-2022_findings-emnlp_235_rag__chunk_010,60-2022.findings-emnlp.235_rag,60-2022.findings-emnlp.235_rag::chunk_010,0.7856029272079468,CQ_S0_R1_0239
http://example.org/kg/cq/CQ_S0_R1_0239,http://example.org/kg/supportedBy,http://example.org/kg/chunk/93-1905_12791v2_rag__chunk_014,93-1905.12791v2_rag,93-1905.12791v2_rag::chunk_014,0.7843742668628693,CQ_S0_R1_0239
http://example.org/kg/cq/CQ_S0_R1_0239,http://example.org/kg/supportedBy,http://example.org/kg/chunk/113-2111_02275v2_rag__chunk_006,113-2111.02275v2_rag,113-2111.02275v2_rag::chunk_006,0.7815377712249756,CQ_S0_R1_0239
http://example.org/kg/cq/CQ_S0_R1_0229,http://example.org/kg/supportedBy,http://example.org/kg/chunk/22-2203_13450v3_rag__chunk_015,22-2203.13450v3_rag,22-2203.13450v3_rag::chunk_015,0.7862536907196045,CQ_S0_R1_0229
http://example.org/kg/cq/CQ_S0_R1_0229,http://example.org/kg/supportedBy,http://example.org/kg/chunk/47-P19-1586_rag__chunk_010,47-P19-1586_rag,47-P19-1586_rag::chunk_010,0.7825286388397217,CQ_S0_R1_0229
http://example.org/kg/cq/CQ_S0_R1_0229,http://example.org/kg/supportedBy,http://example.org/kg/chunk/29-2022_acl-short_93_rag__chunk_002,29-2022.acl-short.93_rag,29-2022.acl-short.93_rag::chunk_002,0.7766238451004028,CQ_S0_R1_0229
http://example.org/kg/cq/CQ_S0_R1_0229,http://example.org/kg/supportedBy,http://example.org/kg/chunk/51-1910_07153v2_rag__chunk_008,51-1910.07153v2_rag,51-1910.07153v2_rag::chunk_008,0.7765406370162964,CQ_S0_R1_0229
http://example.org/kg/cq/CQ_S0_R1_0229,http://example.org/kg/supportedBy,http://example.org/kg/chunk/22-2203_13450v3_rag__chunk_016,22-2203.13450v3_rag,22-2203.13450v3_rag::chunk_016,0.7763128280639648,CQ_S0_R1_0229
http://example.org/kg/cq/CQ_S0_R1_0233,http://example.org/kg/supportedBy,http://example.org/kg/chunk/22-2203_13450v3_rag__chunk_016,22-2203.13450v3_rag,22-2203.13450v3_rag::chunk_016,0.7946735620498657,CQ_S0_R1_0233
http://example.org/kg/cq/CQ_S0_R1_0233,http://example.org/kg/supportedBy,http://example.org/kg/chunk/111-2023_findings-acl_697_rag__chunk_007,111-2023.findings-acl.697_rag,111-2023.findings-acl.697_rag::chunk_007,0.791168749332428,CQ_S0_R1_0233
http://example.org/kg/cq/CQ_S0_R1_0233,http://example.org/kg/supportedBy,http://example.org/kg/chunk/22-2203_13450v3_rag__chunk_001,22-2203.13450v3_rag,22-2203.13450v3_rag::chunk_001,0.7874502539634705,CQ_S0_R1_0233
http://example.org/kg/cq/CQ_S0_R1_0233,http://example.org/kg/supportedBy,http://example.org/kg/chunk/22-2203_13450v3_rag__chunk_002,22-2203.13450v3_rag,22-2203.13450v3_rag::chunk_002,0.7809205651283264,CQ_S0_R1_0233
http://example.org/kg/cq/CQ_S0_R1_0233,http://example.org/kg/supportedBy,http://example.org/kg/chunk/26-2009_00236v2_rag__chunk_017,26-2009.00236v2_rag,26-2009.00236v2_rag::chunk_017,0.7772341668605804,CQ_S0_R1_0233
http://example.org/kg/cq/CQ_S0_R1_0221,http://example.org/kg/supportedBy,http://example.org/kg/chunk/22-2203_13450v3_rag__chunk_013,22-2203.13450v3_rag,22-2203.13450v3_rag::chunk_013,0.7959304451942444,CQ_S0_R1_0221
http://example.org/kg/cq/CQ_S0_R1_0221,http://example.org/kg/supportedBy,http://example.org/kg/chunk/29-2022_acl-short_93_rag__chunk_005,29-2022.acl-short.93_rag,29-2022.acl-short.93_rag::chunk_005,0.7906795144081116,CQ_S0_R1_0221
http://example.org/kg/cq/CQ_S0_R1_0221,http://example.org/kg/supportedBy,http://example.org/kg/chunk/149-2204_07965v1_rag__chunk_011,149-2204.07965v1_rag,149-2204.07965v1_rag::chunk_011,0.7800647020339966,CQ_S0_R1_0221
http://example.org/kg/cq/CQ_S0_R1_0221,http://example.org/kg/supportedBy,http://example.org/kg/chunk/45-1906_08158v2_rag__chunk_007,45-1906.08158v2_rag,45-1906.08158v2_rag::chunk_007,0.7732262313365936,CQ_S0_R1_0221
http://example.org/kg/cq/CQ_S0_R1_0221,http://example.org/kg/supportedBy,http://example.org/kg/chunk/186-2201_11661v1_rag__chunk_003,186-2201.11661v1_rag,186-2201.11661v1_rag::chunk_003,0.7729288935661316,CQ_S0_R1_0221
http://example.org/kg/cq/CQ_S0_R1_0224,http://example.org/kg/supportedBy,http://example.org/kg/chunk/81-1911_02789v1_rag__chunk_022,81-1911.02789v1_rag,81-1911.02789v1_rag::chunk_022,0.7830642461776733,CQ_S0_R1_0224
http://example.org/kg/cq/CQ_S0_R1_0224,http://example.org/kg/supportedBy,http://example.org/kg/chunk/142-2204_00707v1_rag__chunk_007,142-2204.00707v1_rag,142-2204.00707v1_rag::chunk_007,0.7799790799617767,CQ_S0_R1_0224
http://example.org/kg/cq/CQ_S0_R1_0224,http://example.org/kg/supportedBy,http://example.org/kg/chunk/71-1508_05326v1_rag__chunk_005,71-1508.05326v1_rag,71-1508.05326v1_rag::chunk_005,0.7718228101730347,CQ_S0_R1_0224
http://example.org/kg/cq/CQ_S0_R1_0224,http://example.org/kg/supportedBy,http://example.org/kg/chunk/201-2202_02794v4_rag__chunk_016,201-2202.02794v4_rag,201-2202.02794v4_rag::chunk_016,0.7705843150615692,CQ_S0_R1_0224
http://example.org/kg/cq/CQ_S0_R1_0224,http://example.org/kg/supportedBy,http://example.org/kg/chunk/53-2020_emnlp-main_638_rag__chunk_004,53-2020.emnlp-main.638_rag,53-2020.emnlp-main.638_rag::chunk_004,0.7695071697235107,CQ_S0_R1_0224
http://example.org/kg/cq/CQ_S0_R1_0217,http://example.org/kg/supportedBy,http://example.org/kg/chunk/24-active-survey_rag__chunk_033,24-active-survey_rag,24-active-survey_rag::chunk_033,0.8075876832008362,CQ_S0_R1_0217
http://example.org/kg/cq/CQ_S0_R1_0217,http://example.org/kg/supportedBy,http://example.org/kg/chunk/81-1911_02789v1_rag__chunk_009,81-1911.02789v1_rag,81-1911.02789v1_rag::chunk_009,0.801432877779007,CQ_S0_R1_0217
http://example.org/kg/cq/CQ_S0_R1_0217,http://example.org/kg/supportedBy,http://example.org/kg/chunk/25-mathematics-11-00820_rag__chunk_024,25-mathematics-11-00820_rag,25-mathematics-11-00820_rag::chunk_024,0.800075352191925,CQ_S0_R1_0217
http://example.org/kg/cq/CQ_S0_R1_0217,http://example.org/kg/supportedBy,http://example.org/kg/chunk/95-2206_04838v3_rag__chunk_012,95-2206.04838v3_rag,95-2206.04838v3_rag::chunk_012,0.796697348356247,CQ_S0_R1_0217
http://example.org/kg/cq/CQ_S0_R1_0217,http://example.org/kg/supportedBy,http://example.org/kg/chunk/195-2007_08479v3_rag__chunk_010,195-2007.08479v3_rag,195-2007.08479v3_rag::chunk_010,0.7944391369819641,CQ_S0_R1_0217
http://example.org/kg/cq/CQ_S0_R1_0211,http://example.org/kg/supportedBy,http://example.org/kg/chunk/12-136850056_rag__chunk_000,12-136850056_rag,12-136850056_rag::chunk_000,0.8081831932067871,CQ_S0_R1_0211
http://example.org/kg/cq/CQ_S0_R1_0211,http://example.org/kg/supportedBy,http://example.org/kg/chunk/22-2203_13450v3_rag__chunk_016,22-2203.13450v3_rag,22-2203.13450v3_rag::chunk_016,0.8011564612388611,CQ_S0_R1_0211
http://example.org/kg/cq/CQ_S0_R1_0211,http://example.org/kg/supportedBy,http://example.org/kg/chunk/88-N-14150_rag__chunk_001,88-N-14150_rag,88-N-14150_rag::chunk_001,0.7991232872009277,CQ_S0_R1_0211
http://example.org/kg/cq/CQ_S0_R1_0211,http://example.org/kg/supportedBy,http://example.org/kg/chunk/102-2203_07034v1_rag__chunk_001,102-2203.07034v1_rag,102-2203.07034v1_rag::chunk_001,0.7988200783729553,CQ_S0_R1_0211
http://example.org/kg/cq/CQ_S0_R1_0211,http://example.org/kg/supportedBy,http://example.org/kg/chunk/20-2211_14819v2_rag__chunk_001,20-2211.14819v2_rag,20-2211.14819v2_rag::chunk_001,0.7981361150741577,CQ_S0_R1_0211
http://example.org/kg/cq/CQ_S0_R1_0197,http://example.org/kg/supportedBy,http://example.org/kg/chunk/28-s10994-023-06454-2_rag__chunk_046,28-s10994-023-06454-2_rag,28-s10994-023-06454-2_rag::chunk_046,0.8280316591262817,CQ_S0_R1_0197
http://example.org/kg/cq/CQ_S0_R1_0197,http://example.org/kg/supportedBy,http://example.org/kg/chunk/28-s10994-023-06454-2_rag__chunk_047,28-s10994-023-06454-2_rag,28-s10994-023-06454-2_rag::chunk_047,0.8275047838687897,CQ_S0_R1_0197
http://example.org/kg/cq/CQ_S0_R1_0197,http://example.org/kg/supportedBy,http://example.org/kg/chunk/28-s10994-023-06454-2_rag__chunk_007,28-s10994-023-06454-2_rag,28-s10994-023-06454-2_rag::chunk_007,0.8244271278381348,CQ_S0_R1_0197
http://example.org/kg/cq/CQ_S0_R1_0197,http://example.org/kg/supportedBy,http://example.org/kg/chunk/28-s10994-023-06454-2_rag__chunk_049,28-s10994-023-06454-2_rag,28-s10994-023-06454-2_rag::chunk_049,0.8208151459693909,CQ_S0_R1_0197
http://example.org/kg/cq/CQ_S0_R1_0197,http://example.org/kg/supportedBy,http://example.org/kg/chunk/24-active-survey_rag__chunk_026,24-active-survey_rag,24-active-survey_rag::chunk_026,0.8199981451034546,CQ_S0_R1_0197
http://example.org/kg/cq/CQ_S0_R1_0201,http://example.org/kg/supportedBy,http://example.org/kg/chunk/96-2007_00077v2_rag__chunk_010,96-2007.00077v2_rag,96-2007.00077v2_rag::chunk_010,0.7931089997291565,CQ_S0_R1_0201
http://example.org/kg/cq/CQ_S0_R1_0201,http://example.org/kg/supportedBy,http://example.org/kg/chunk/184-2101_11665v2_rag__chunk_009,184-2101.11665v2_rag,184-2101.11665v2_rag::chunk_009,0.7838012278079987,CQ_S0_R1_0201
http://example.org/kg/cq/CQ_S0_R1_0201,http://example.org/kg/supportedBy,http://example.org/kg/chunk/17-2310_14230v3_rag__chunk_023,17-2310.14230v3_rag,17-2310.14230v3_rag::chunk_023,0.7797641158103943,CQ_S0_R1_0201
http://example.org/kg/cq/CQ_S0_R1_0201,http://example.org/kg/supportedBy,http://example.org/kg/chunk/60-2022_findings-emnlp_235_rag__chunk_005,60-2022.findings-emnlp.235_rag,60-2022.findings-emnlp.235_rag::chunk_005,0.778308629989624,CQ_S0_R1_0201
http://example.org/kg/cq/CQ_S0_R1_0201,http://example.org/kg/supportedBy,http://example.org/kg/chunk/102-2203_07034v1_rag__chunk_013,102-2203.07034v1_rag,102-2203.07034v1_rag::chunk_013,0.7769643664360046,CQ_S0_R1_0201
http://example.org/kg/cq/CQ_S0_R1_0214,http://example.org/kg/supportedBy,http://example.org/kg/chunk/59-2022_findings-emnlp_80_rag__chunk_008,59-2022.findings-emnlp.80_rag,59-2022.findings-emnlp.80_rag::chunk_008,0.7954442501068115,CQ_S0_R1_0214
http://example.org/kg/cq/CQ_S0_R1_0214,http://example.org/kg/supportedBy,http://example.org/kg/chunk/35-1703_02910v1_rag__chunk_012,35-1703.02910v1_rag,35-1703.02910v1_rag::chunk_012,0.7939822673797607,CQ_S0_R1_0214
http://example.org/kg/cq/CQ_S0_R1_0214,http://example.org/kg/supportedBy,http://example.org/kg/chunk/45-1906_08158v2_rag__chunk_008,45-1906.08158v2_rag,45-1906.08158v2_rag::chunk_008,0.7921434938907623,CQ_S0_R1_0214
http://example.org/kg/cq/CQ_S0_R1_0214,http://example.org/kg/supportedBy,http://example.org/kg/chunk/56-2011_04194v3_rag__chunk_010,56-2011.04194v3_rag,56-2011.04194v3_rag::chunk_010,0.7874099612236023,CQ_S0_R1_0214
http://example.org/kg/cq/CQ_S0_R1_0214,http://example.org/kg/supportedBy,http://example.org/kg/chunk/136-2110_14171v1_rag__chunk_003,136-2110.14171v1_rag,136-2110.14171v1_rag::chunk_003,0.781576931476593,CQ_S0_R1_0214
http://example.org/kg/cq/CQ_S0_R1_0193,http://example.org/kg/supportedBy,http://example.org/kg/chunk/22-2203_13450v3_rag__chunk_016,22-2203.13450v3_rag,22-2203.13450v3_rag::chunk_016,0.8271465599536896,CQ_S0_R1_0193
http://example.org/kg/cq/CQ_S0_R1_0193,http://example.org/kg/supportedBy,http://example.org/kg/chunk/22-2203_13450v3_rag__chunk_008,22-2203.13450v3_rag,22-2203.13450v3_rag::chunk_008,0.8179770708084106,CQ_S0_R1_0193
http://example.org/kg/cq/CQ_S0_R1_0193,http://example.org/kg/supportedBy,http://example.org/kg/chunk/17-2310_14230v3_rag__chunk_002,17-2310.14230v3_rag,17-2310.14230v3_rag::chunk_002,0.8154497146606445,CQ_S0_R1_0193
http://example.org/kg/cq/CQ_S0_R1_0193,http://example.org/kg/supportedBy,http://example.org/kg/chunk/46-Gong_Deep_reinforcement_active_2020_Accepted_rag__chunk_010,46-Gong Deep reinforcement active 2020 Accepted_rag,46-Gong Deep reinforcement active 2020 Accepted_rag::chunk_010,0.8137611746788025,CQ_S0_R1_0193
http://example.org/kg/cq/CQ_S0_R1_0193,http://example.org/kg/supportedBy,http://example.org/kg/chunk/12-136850056_rag__chunk_000,12-136850056_rag,12-136850056_rag::chunk_000,0.8127891719341278,CQ_S0_R1_0193
http://example.org/kg/cq/CQ_S0_R1_0212,http://example.org/kg/supportedBy,http://example.org/kg/chunk/60-2022_findings-emnlp_235_rag__chunk_006,60-2022.findings-emnlp.235_rag,60-2022.findings-emnlp.235_rag::chunk_006,0.7853642702102661,CQ_S0_R1_0212
http://example.org/kg/cq/CQ_S0_R1_0212,http://example.org/kg/supportedBy,http://example.org/kg/chunk/35-1703_02910v1_rag__chunk_008,35-1703.02910v1_rag,35-1703.02910v1_rag::chunk_008,0.7849545180797577,CQ_S0_R1_0212
http://example.org/kg/cq/CQ_S0_R1_0212,http://example.org/kg/supportedBy,http://example.org/kg/chunk/136-2110_14171v1_rag__chunk_001,136-2110.14171v1_rag,136-2110.14171v1_rag::chunk_001,0.7847995162010193,CQ_S0_R1_0212
http://example.org/kg/cq/CQ_S0_R1_0212,http://example.org/kg/supportedBy,http://example.org/kg/chunk/60-2022_findings-emnlp_235_rag__chunk_010,60-2022.findings-emnlp.235_rag,60-2022.findings-emnlp.235_rag::chunk_010,0.7841553390026093,CQ_S0_R1_0212
http://example.org/kg/cq/CQ_S0_R1_0212,http://example.org/kg/supportedBy,http://example.org/kg/chunk/60-2022_findings-emnlp_235_rag__chunk_005,60-2022.findings-emnlp.235_rag,60-2022.findings-emnlp.235_rag::chunk_005,0.7828006148338318,CQ_S0_R1_0212
http://example.org/kg/cq/CQ_S0_R1_0237,http://example.org/kg/supportedBy,http://example.org/kg/chunk/60-2022_findings-emnlp_235_rag__chunk_005,60-2022.findings-emnlp.235_rag,60-2022.findings-emnlp.235_rag::chunk_005,0.8118375539779663,CQ_S0_R1_0237
http://example.org/kg/cq/CQ_S0_R1_0237,http://example.org/kg/supportedBy,http://example.org/kg/chunk/113-2111_02275v2_rag__chunk_005,113-2111.02275v2_rag,113-2111.02275v2_rag::chunk_005,0.8076352477073669,CQ_S0_R1_0237
http://example.org/kg/cq/CQ_S0_R1_0237,http://example.org/kg/supportedBy,http://example.org/kg/chunk/107-2206_12569v1_rag__chunk_002,107-2206.12569v1_rag,107-2206.12569v1_rag::chunk_002,0.7988184094429016,CQ_S0_R1_0237
http://example.org/kg/cq/CQ_S0_R1_0237,http://example.org/kg/supportedBy,http://example.org/kg/chunk/113-2111_02275v2_rag__chunk_007,113-2111.02275v2_rag,113-2111.02275v2_rag::chunk_007,0.7986890375614166,CQ_S0_R1_0237
http://example.org/kg/cq/CQ_S0_R1_0237,http://example.org/kg/supportedBy,http://example.org/kg/chunk/113-2111_02275v2_rag__chunk_006,113-2111.02275v2_rag,113-2111.02275v2_rag::chunk_006,0.796414315700531,CQ_S0_R1_0237
http://example.org/kg/cq/CQ_S0_R1_0199,http://example.org/kg/supportedBy,http://example.org/kg/chunk/5-1609_02907v4_rag__chunk_009,5-1609.02907v4_rag,5-1609.02907v4_rag::chunk_009,0.7794784009456635,CQ_S0_R1_0199
http://example.org/kg/cq/CQ_S0_R1_0199,http://example.org/kg/supportedBy,http://example.org/kg/chunk/111-2023_findings-acl_697_rag__chunk_011,111-2023.findings-acl.697_rag,111-2023.findings-acl.697_rag::chunk_011,0.7729666233062744,CQ_S0_R1_0199
http://example.org/kg/cq/CQ_S0_R1_0199,http://example.org/kg/supportedBy,http://example.org/kg/chunk/182-2106_02968v4_rag__chunk_028,182-2106.02968v4_rag,182-2106.02968v4_rag::chunk_028,0.7719964385032654,CQ_S0_R1_0199
http://example.org/kg/cq/CQ_S0_R1_0199,http://example.org/kg/supportedBy,http://example.org/kg/chunk/159-1912_06570v1_rag__chunk_012,159-1912.06570v1_rag,159-1912.06570v1_rag::chunk_012,0.7718734741210938,CQ_S0_R1_0199
http://example.org/kg/cq/CQ_S0_R1_0199,http://example.org/kg/supportedBy,http://example.org/kg/chunk/26-2009_00236v2_rag__chunk_011,26-2009.00236v2_rag,26-2009.00236v2_rag::chunk_011,0.7699861228466034,CQ_S0_R1_0199
http://example.org/kg/cq/CQ_S0_R1_0226,http://example.org/kg/supportedBy,http://example.org/kg/chunk/60-2022_findings-emnlp_235_rag__chunk_005,60-2022.findings-emnlp.235_rag,60-2022.findings-emnlp.235_rag::chunk_005,0.8103853166103363,CQ_S0_R1_0226
http://example.org/kg/cq/CQ_S0_R1_0226,http://example.org/kg/supportedBy,http://example.org/kg/chunk/60-2022_findings-emnlp_235_rag__chunk_004,60-2022.findings-emnlp.235_rag,60-2022.findings-emnlp.235_rag::chunk_004,0.7979637384414673,CQ_S0_R1_0226
http://example.org/kg/cq/CQ_S0_R1_0226,http://example.org/kg/supportedBy,http://example.org/kg/chunk/33-2023_findings-emnlp_334_rag__chunk_004,33-2023.findings-emnlp.334_rag,33-2023.findings-emnlp.334_rag::chunk_004,0.7897286415100098,CQ_S0_R1_0226
http://example.org/kg/cq/CQ_S0_R1_0226,http://example.org/kg/supportedBy,http://example.org/kg/chunk/60-2022_findings-emnlp_235_rag__chunk_006,60-2022.findings-emnlp.235_rag,60-2022.findings-emnlp.235_rag::chunk_006,0.7858611345291138,CQ_S0_R1_0226
http://example.org/kg/cq/CQ_S0_R1_0226,http://example.org/kg/supportedBy,http://example.org/kg/chunk/17-2310_14230v3_rag__chunk_023,17-2310.14230v3_rag,17-2310.14230v3_rag::chunk_023,0.7852488160133362,CQ_S0_R1_0226
http://example.org/kg/cq/CQ_S0_R1_0220,http://example.org/kg/supportedBy,http://example.org/kg/chunk/60-2022_findings-emnlp_235_rag__chunk_010,60-2022.findings-emnlp.235_rag,60-2022.findings-emnlp.235_rag::chunk_010,0.8155099153518677,CQ_S0_R1_0220
http://example.org/kg/cq/CQ_S0_R1_0220,http://example.org/kg/supportedBy,http://example.org/kg/chunk/113-2111_02275v2_rag__chunk_005,113-2111.02275v2_rag,113-2111.02275v2_rag::chunk_005,0.8137337863445282,CQ_S0_R1_0220
http://example.org/kg/cq/CQ_S0_R1_0220,http://example.org/kg/supportedBy,http://example.org/kg/chunk/102-2203_07034v1_rag__chunk_003,102-2203.07034v1_rag,102-2203.07034v1_rag::chunk_003,0.809889167547226,CQ_S0_R1_0220
http://example.org/kg/cq/CQ_S0_R1_0220,http://example.org/kg/supportedBy,http://example.org/kg/chunk/186-2201_11661v1_rag__chunk_009,186-2201.11661v1_rag,186-2201.11661v1_rag::chunk_009,0.8091654479503632,CQ_S0_R1_0220
http://example.org/kg/cq/CQ_S0_R1_0220,http://example.org/kg/supportedBy,http://example.org/kg/chunk/60-2022_findings-emnlp_235_rag__chunk_004,60-2022.findings-emnlp.235_rag,60-2022.findings-emnlp.235_rag::chunk_004,0.8090140223503113,CQ_S0_R1_0220
http://example.org/kg/cq/CQ_S0_R1_0203,http://example.org/kg/supportedBy,http://example.org/kg/chunk/132-1907_00921v1_rag__chunk_012,132-1907.00921v1_rag,132-1907.00921v1_rag::chunk_012,0.8137491941452026,CQ_S0_R1_0203
http://example.org/kg/cq/CQ_S0_R1_0203,http://example.org/kg/supportedBy,http://example.org/kg/chunk/177-2005_07402v1_rag__chunk_002,177-2005.07402v1_rag,177-2005.07402v1_rag::chunk_002,0.8118370473384857,CQ_S0_R1_0203
http://example.org/kg/cq/CQ_S0_R1_0203,http://example.org/kg/supportedBy,http://example.org/kg/chunk/160-ActiveLearningADPRL_rag__chunk_002,160-ActiveLearningADPRL_rag,160-ActiveLearningADPRL_rag::chunk_002,0.8046814501285553,CQ_S0_R1_0203
http://example.org/kg/cq/CQ_S0_R1_0203,http://example.org/kg/supportedBy,http://example.org/kg/chunk/132-1907_00921v1_rag__chunk_000,132-1907.00921v1_rag,132-1907.00921v1_rag::chunk_000,0.803023099899292,CQ_S0_R1_0203
http://example.org/kg/cq/CQ_S0_R1_0203,http://example.org/kg/supportedBy,http://example.org/kg/chunk/132-1907_00921v1_rag__chunk_010,132-1907.00921v1_rag,132-1907.00921v1_rag::chunk_010,0.8026256561279297,CQ_S0_R1_0203
http://example.org/kg/cq/CQ_S0_R1_0216,http://example.org/kg/supportedBy,http://example.org/kg/chunk/53-2020_emnlp-main_638_rag__chunk_010,53-2020.emnlp-main.638_rag,53-2020.emnlp-main.638_rag::chunk_010,0.7670976519584656,CQ_S0_R1_0216
http://example.org/kg/cq/CQ_S0_R1_0216,http://example.org/kg/supportedBy,http://example.org/kg/chunk/49-1904_00370v3_rag__chunk_002,49-1904.00370v3_rag,49-1904.00370v3_rag::chunk_002,0.7624182105064392,CQ_S0_R1_0216
http://example.org/kg/cq/CQ_S0_R1_0216,http://example.org/kg/supportedBy,http://example.org/kg/chunk/22-2203_13450v3_rag__chunk_015,22-2203.13450v3_rag,22-2203.13450v3_rag::chunk_015,0.7623393535614014,CQ_S0_R1_0216
http://example.org/kg/cq/CQ_S0_R1_0216,http://example.org/kg/supportedBy,http://example.org/kg/chunk/52-2004_04943v1_rag__chunk_006,52-2004.04943v1_rag,52-2004.04943v1_rag::chunk_006,0.7602778077125549,CQ_S0_R1_0216
http://example.org/kg/cq/CQ_S0_R1_0216,http://example.org/kg/supportedBy,http://example.org/kg/chunk/22-2203_13450v3_rag__chunk_002,22-2203.13450v3_rag,22-2203.13450v3_rag::chunk_002,0.75888791680336,CQ_S0_R1_0216
http://example.org/kg/cq/CQ_S0_R1_0232,http://example.org/kg/supportedBy,http://example.org/kg/chunk/60-2022_findings-emnlp_235_rag__chunk_005,60-2022.findings-emnlp.235_rag,60-2022.findings-emnlp.235_rag::chunk_005,0.8034002184867859,CQ_S0_R1_0232
http://example.org/kg/cq/CQ_S0_R1_0232,http://example.org/kg/supportedBy,http://example.org/kg/chunk/60-2022_findings-emnlp_235_rag__chunk_003,60-2022.findings-emnlp.235_rag,60-2022.findings-emnlp.235_rag::chunk_003,0.8002708852291107,CQ_S0_R1_0232
http://example.org/kg/cq/CQ_S0_R1_0232,http://example.org/kg/supportedBy,http://example.org/kg/chunk/60-2022_findings-emnlp_235_rag__chunk_004,60-2022.findings-emnlp.235_rag,60-2022.findings-emnlp.235_rag::chunk_004,0.7959634959697723,CQ_S0_R1_0232
http://example.org/kg/cq/CQ_S0_R1_0232,http://example.org/kg/supportedBy,http://example.org/kg/chunk/17-2310_14230v3_rag__chunk_026,17-2310.14230v3_rag,17-2310.14230v3_rag::chunk_026,0.7937833666801453,CQ_S0_R1_0232
http://example.org/kg/cq/CQ_S0_R1_0232,http://example.org/kg/supportedBy,http://example.org/kg/chunk/60-2022_findings-emnlp_235_rag__chunk_010,60-2022.findings-emnlp.235_rag,60-2022.findings-emnlp.235_rag::chunk_010,0.7912297248840332,CQ_S0_R1_0232
http://example.org/kg/cq/CQ_S0_R1_0218,http://example.org/kg/supportedBy,http://example.org/kg/chunk/95-2206_04838v3_rag__chunk_000,95-2206.04838v3_rag,95-2206.04838v3_rag::chunk_000,0.7877046167850494,CQ_S0_R1_0218
http://example.org/kg/cq/CQ_S0_R1_0218,http://example.org/kg/supportedBy,http://example.org/kg/chunk/64-nips2011_housenumbers_rag__chunk_001,64-nips2011_housenumbers_rag,64-nips2011_housenumbers_rag::chunk_001,0.7747563123703003,CQ_S0_R1_0218
http://example.org/kg/cq/CQ_S0_R1_0218,http://example.org/kg/supportedBy,http://example.org/kg/chunk/17-2310_14230v3_rag__chunk_018,17-2310.14230v3_rag,17-2310.14230v3_rag::chunk_018,0.774739533662796,CQ_S0_R1_0218
http://example.org/kg/cq/CQ_S0_R1_0218,http://example.org/kg/supportedBy,http://example.org/kg/chunk/151-2010_00694v2_rag__chunk_007,151-2010.00694v2_rag,151-2010.00694v2_rag::chunk_007,0.7707679271697998,CQ_S0_R1_0218
http://example.org/kg/cq/CQ_S0_R1_0218,http://example.org/kg/supportedBy,http://example.org/kg/chunk/26-2009_00236v2_rag__chunk_015,26-2009.00236v2_rag,26-2009.00236v2_rag::chunk_015,0.7704487442970276,CQ_S0_R1_0218
http://example.org/kg/cq/CQ_S0_R1_0219,http://example.org/kg/supportedBy,http://example.org/kg/chunk/103-2210_12704v1_rag__chunk_004,103-2210.12704v1_rag,103-2210.12704v1_rag::chunk_004,0.7958281636238098,CQ_S0_R1_0219
http://example.org/kg/cq/CQ_S0_R1_0219,http://example.org/kg/supportedBy,http://example.org/kg/chunk/35-1703_02910v1_rag__chunk_014,35-1703.02910v1_rag,35-1703.02910v1_rag::chunk_014,0.7796259224414825,CQ_S0_R1_0219
http://example.org/kg/cq/CQ_S0_R1_0219,http://example.org/kg/supportedBy,http://example.org/kg/chunk/160-ActiveLearningADPRL_rag__chunk_002,160-ActiveLearningADPRL_rag,160-ActiveLearningADPRL_rag::chunk_002,0.7774453163146973,CQ_S0_R1_0219
http://example.org/kg/cq/CQ_S0_R1_0219,http://example.org/kg/supportedBy,http://example.org/kg/chunk/35-1703_02910v1_rag__chunk_008,35-1703.02910v1_rag,35-1703.02910v1_rag::chunk_008,0.7768951654434204,CQ_S0_R1_0219
http://example.org/kg/cq/CQ_S0_R1_0219,http://example.org/kg/supportedBy,http://example.org/kg/chunk/60-2022_findings-emnlp_235_rag__chunk_010,60-2022.findings-emnlp.235_rag,60-2022.findings-emnlp.235_rag::chunk_010,0.7755799293518066,CQ_S0_R1_0219
http://example.org/kg/cq/CQ_S0_R1_0231,http://example.org/kg/supportedBy,http://example.org/kg/chunk/26-2009_00236v2_rag__chunk_012,26-2009.00236v2_rag,26-2009.00236v2_rag::chunk_012,0.779232382774353,CQ_S0_R1_0231
http://example.org/kg/cq/CQ_S0_R1_0231,http://example.org/kg/supportedBy,http://example.org/kg/chunk/22-2203_13450v3_rag__chunk_015,22-2203.13450v3_rag,22-2203.13450v3_rag::chunk_015,0.7767936587333679,CQ_S0_R1_0231
http://example.org/kg/cq/CQ_S0_R1_0231,http://example.org/kg/supportedBy,http://example.org/kg/chunk/53-2020_emnlp-main_638_rag__chunk_006,53-2020.emnlp-main.638_rag,53-2020.emnlp-main.638_rag::chunk_006,0.7736979722976685,CQ_S0_R1_0231
http://example.org/kg/cq/CQ_S0_R1_0231,http://example.org/kg/supportedBy,http://example.org/kg/chunk/22-2203_13450v3_rag__chunk_005,22-2203.13450v3_rag,22-2203.13450v3_rag::chunk_005,0.7728571593761444,CQ_S0_R1_0231
http://example.org/kg/cq/CQ_S0_R1_0231,http://example.org/kg/supportedBy,http://example.org/kg/chunk/103-2210_12704v1_rag__chunk_001,103-2210.12704v1_rag,103-2210.12704v1_rag::chunk_001,0.772769421339035,CQ_S0_R1_0231
http://example.org/kg/cq/CQ_S0_R1_0207,http://example.org/kg/supportedBy,http://example.org/kg/chunk/39-1703_03365v3_rag__chunk_011,39-1703.03365v3_rag,39-1703.03365v3_rag::chunk_011,0.7737385034561157,CQ_S0_R1_0207
http://example.org/kg/cq/CQ_S0_R1_0207,http://example.org/kg/supportedBy,http://example.org/kg/chunk/193-0314_rag__chunk_002,193-0314_rag,193-0314_rag::chunk_002,0.7726916074752808,CQ_S0_R1_0207
http://example.org/kg/cq/CQ_S0_R1_0207,http://example.org/kg/supportedBy,http://example.org/kg/chunk/3-9B18871D-F72F-4437-891F-7FAA000D7A47_am1_rag__chunk_027,3-9B18871D-F72F-4437-891F-7FAA000D7A47 am1_rag,3-9B18871D-F72F-4437-891F-7FAA000D7A47 am1_rag::chunk_027,0.7721487879753113,CQ_S0_R1_0207
http://example.org/kg/cq/CQ_S0_R1_0207,http://example.org/kg/supportedBy,http://example.org/kg/chunk/47-P19-1586_rag__chunk_010,47-P19-1586_rag,47-P19-1586_rag::chunk_010,0.7705594599246979,CQ_S0_R1_0207
http://example.org/kg/cq/CQ_S0_R1_0207,http://example.org/kg/supportedBy,http://example.org/kg/chunk/46-Gong_Deep_reinforcement_active_2020_Accepted_rag__chunk_008,46-Gong Deep reinforcement active 2020 Accepted_rag,46-Gong Deep reinforcement active 2020 Accepted_rag::chunk_008,0.7661098837852478,CQ_S0_R1_0207
http://example.org/kg/cq/CQ_S0_R1_0195,http://example.org/kg/supportedBy,http://example.org/kg/chunk/179-2210_02442v1_rag__chunk_010,179-2210.02442v1_rag,179-2210.02442v1_rag::chunk_010,0.8087444007396698,CQ_S0_R1_0195
http://example.org/kg/cq/CQ_S0_R1_0195,http://example.org/kg/supportedBy,http://example.org/kg/chunk/179-2210_02442v1_rag__chunk_003,179-2210.02442v1_rag,179-2210.02442v1_rag::chunk_003,0.8080233931541443,CQ_S0_R1_0195
http://example.org/kg/cq/CQ_S0_R1_0195,http://example.org/kg/supportedBy,http://example.org/kg/chunk/179-2210_02442v1_rag__chunk_009,179-2210.02442v1_rag,179-2210.02442v1_rag::chunk_009,0.807344913482666,CQ_S0_R1_0195
http://example.org/kg/cq/CQ_S0_R1_0195,http://example.org/kg/supportedBy,http://example.org/kg/chunk/179-2210_02442v1_rag__chunk_001,179-2210.02442v1_rag,179-2210.02442v1_rag::chunk_001,0.8069417774677277,CQ_S0_R1_0195
http://example.org/kg/cq/CQ_S0_R1_0195,http://example.org/kg/supportedBy,http://example.org/kg/chunk/179-2210_02442v1_rag__chunk_000,179-2210.02442v1_rag,179-2210.02442v1_rag::chunk_000,0.8005431294441223,CQ_S0_R1_0195
http://example.org/kg/cq/CQ_S0_R1_0067,http://example.org/kg/supportedBy,http://example.org/kg/chunk/53-2020_emnlp-main_638_rag__chunk_010,53-2020.emnlp-main.638_rag,53-2020.emnlp-main.638_rag::chunk_010,0.8375501334667206,CQ_S0_R1_0067
http://example.org/kg/cq/CQ_S0_R1_0067,http://example.org/kg/supportedBy,http://example.org/kg/chunk/26-2009_00236v2_rag__chunk_011,26-2009.00236v2_rag,26-2009.00236v2_rag::chunk_011,0.8295038640499115,CQ_S0_R1_0067
http://example.org/kg/cq/CQ_S0_R1_0067,http://example.org/kg/supportedBy,http://example.org/kg/chunk/26-2009_00236v2_rag__chunk_008,26-2009.00236v2_rag,26-2009.00236v2_rag::chunk_008,0.824036031961441,CQ_S0_R1_0067
http://example.org/kg/cq/CQ_S0_R1_0067,http://example.org/kg/supportedBy,http://example.org/kg/chunk/26-2009_00236v2_rag__chunk_010,26-2009.00236v2_rag,26-2009.00236v2_rag::chunk_010,0.8156858384609222,CQ_S0_R1_0067
http://example.org/kg/cq/CQ_S0_R1_0067,http://example.org/kg/supportedBy,http://example.org/kg/chunk/26-2009_00236v2_rag__chunk_012,26-2009.00236v2_rag,26-2009.00236v2_rag::chunk_012,0.8101456165313721,CQ_S0_R1_0067
http://example.org/kg/cq/CQ_S0_R1_0056,http://example.org/kg/supportedBy,http://example.org/kg/chunk/26-2009_00236v2_rag__chunk_016,26-2009.00236v2_rag,26-2009.00236v2_rag::chunk_016,0.8160412907600403,CQ_S0_R1_0056
http://example.org/kg/cq/CQ_S0_R1_0056,http://example.org/kg/supportedBy,http://example.org/kg/chunk/95-2206_04838v3_rag__chunk_011,95-2206.04838v3_rag,95-2206.04838v3_rag::chunk_011,0.806583821773529,CQ_S0_R1_0056
http://example.org/kg/cq/CQ_S0_R1_0056,http://example.org/kg/supportedBy,http://example.org/kg/chunk/26-2009_00236v2_rag__chunk_017,26-2009.00236v2_rag,26-2009.00236v2_rag::chunk_017,0.8026511371135712,CQ_S0_R1_0056
http://example.org/kg/cq/CQ_S0_R1_0056,http://example.org/kg/supportedBy,http://example.org/kg/chunk/51-1910_07153v2_rag__chunk_008,51-1910.07153v2_rag,51-1910.07153v2_rag::chunk_008,0.8014315366744995,CQ_S0_R1_0056
http://example.org/kg/cq/CQ_S0_R1_0056,http://example.org/kg/supportedBy,http://example.org/kg/chunk/53-2020_emnlp-main_638_rag__chunk_010,53-2020.emnlp-main.638_rag,53-2020.emnlp-main.638_rag::chunk_010,0.796882152557373,CQ_S0_R1_0056
http://example.org/kg/cq/CQ_S0_R1_0070,http://example.org/kg/supportedBy,http://example.org/kg/chunk/12-136850056_rag__chunk_011,12-136850056_rag,12-136850056_rag::chunk_011,0.8168155252933502,CQ_S0_R1_0070
http://example.org/kg/cq/CQ_S0_R1_0070,http://example.org/kg/supportedBy,http://example.org/kg/chunk/147-1606_09029v4_rag__chunk_001,147-1606.09029v4_rag,147-1606.09029v4_rag::chunk_001,0.8161009550094604,CQ_S0_R1_0070
http://example.org/kg/cq/CQ_S0_R1_0070,http://example.org/kg/supportedBy,http://example.org/kg/chunk/78-2107_11769v3_rag__chunk_000,78-2107.11769v3_rag,78-2107.11769v3_rag::chunk_000,0.8137252330780029,CQ_S0_R1_0070
http://example.org/kg/cq/CQ_S0_R1_0070,http://example.org/kg/supportedBy,http://example.org/kg/chunk/17-2310_14230v3_rag__chunk_002,17-2310.14230v3_rag,17-2310.14230v3_rag::chunk_002,0.8093114495277405,CQ_S0_R1_0070
http://example.org/kg/cq/CQ_S0_R1_0070,http://example.org/kg/supportedBy,http://example.org/kg/chunk/147-1606_09029v4_rag__chunk_004,147-1606.09029v4_rag,147-1606.09029v4_rag::chunk_004,0.8089286088943481,CQ_S0_R1_0070
http://example.org/kg/cq/CQ_S0_R1_0090,http://example.org/kg/supportedBy,http://example.org/kg/chunk/22-2203_13450v3_rag__chunk_016,22-2203.13450v3_rag,22-2203.13450v3_rag::chunk_016,0.8011450469493866,CQ_S0_R1_0090
http://example.org/kg/cq/CQ_S0_R1_0090,http://example.org/kg/supportedBy,http://example.org/kg/chunk/22-2203_13450v3_rag__chunk_012,22-2203.13450v3_rag,22-2203.13450v3_rag::chunk_012,0.7968262135982513,CQ_S0_R1_0090
http://example.org/kg/cq/CQ_S0_R1_0090,http://example.org/kg/supportedBy,http://example.org/kg/chunk/22-2203_13450v3_rag__chunk_007,22-2203.13450v3_rag,22-2203.13450v3_rag::chunk_007,0.7904594242572784,CQ_S0_R1_0090
http://example.org/kg/cq/CQ_S0_R1_0090,http://example.org/kg/supportedBy,http://example.org/kg/chunk/149-2204_07965v1_rag__chunk_012,149-2204.07965v1_rag,149-2204.07965v1_rag::chunk_012,0.7875185906887054,CQ_S0_R1_0090
http://example.org/kg/cq/CQ_S0_R1_0090,http://example.org/kg/supportedBy,http://example.org/kg/chunk/47-P19-1586_rag__chunk_010,47-P19-1586_rag,47-P19-1586_rag::chunk_010,0.7865911722183228,CQ_S0_R1_0090
http://example.org/kg/cq/CQ_S0_R1_0078,http://example.org/kg/supportedBy,http://example.org/kg/chunk/26-2009_00236v2_rag__chunk_004,26-2009.00236v2_rag,26-2009.00236v2_rag::chunk_004,0.8055180311203003,CQ_S0_R1_0078
http://example.org/kg/cq/CQ_S0_R1_0078,http://example.org/kg/supportedBy,http://example.org/kg/chunk/19-1910_02923v2_rag__chunk_004,19-1910.02923v2_rag,19-1910.02923v2_rag::chunk_004,0.7974632382392883,CQ_S0_R1_0078
http://example.org/kg/cq/CQ_S0_R1_0078,http://example.org/kg/supportedBy,http://example.org/kg/chunk/21-0634_rag__chunk_001,21-0634_rag,21-0634_rag::chunk_001,0.7967550456523895,CQ_S0_R1_0078
http://example.org/kg/cq/CQ_S0_R1_0078,http://example.org/kg/supportedBy,http://example.org/kg/chunk/17-2310_14230v3_rag__chunk_023,17-2310.14230v3_rag,17-2310.14230v3_rag::chunk_023,0.795403003692627,CQ_S0_R1_0078
http://example.org/kg/cq/CQ_S0_R1_0078,http://example.org/kg/supportedBy,http://example.org/kg/chunk/22-2203_13450v3_rag__chunk_002,22-2203.13450v3_rag,22-2203.13450v3_rag::chunk_002,0.7946948111057281,CQ_S0_R1_0078
http://example.org/kg/cq/CQ_S0_R1_0094,http://example.org/kg/supportedBy,http://example.org/kg/chunk/22-2203_13450v3_rag__chunk_001,22-2203.13450v3_rag,22-2203.13450v3_rag::chunk_001,0.807995617389679,CQ_S0_R1_0094
http://example.org/kg/cq/CQ_S0_R1_0094,http://example.org/kg/supportedBy,http://example.org/kg/chunk/26-2009_00236v2_rag__chunk_013,26-2009.00236v2_rag,26-2009.00236v2_rag::chunk_013,0.8027850687503815,CQ_S0_R1_0094
http://example.org/kg/cq/CQ_S0_R1_0094,http://example.org/kg/supportedBy,http://example.org/kg/chunk/22-2203_13450v3_rag__chunk_016,22-2203.13450v3_rag,22-2203.13450v3_rag::chunk_016,0.7990428805351257,CQ_S0_R1_0094
http://example.org/kg/cq/CQ_S0_R1_0094,http://example.org/kg/supportedBy,http://example.org/kg/chunk/47-P19-1586_rag__chunk_010,47-P19-1586_rag,47-P19-1586_rag::chunk_010,0.7984973788261414,CQ_S0_R1_0094
http://example.org/kg/cq/CQ_S0_R1_0094,http://example.org/kg/supportedBy,http://example.org/kg/chunk/22-2203_13450v3_rag__chunk_002,22-2203.13450v3_rag,22-2203.13450v3_rag::chunk_002,0.7983950972557068,CQ_S0_R1_0094
http://example.org/kg/cq/CQ_S0_R1_0074,http://example.org/kg/supportedBy,http://example.org/kg/chunk/22-2203_13450v3_rag__chunk_000,22-2203.13450v3_rag,22-2203.13450v3_rag::chunk_000,0.8305828869342804,CQ_S0_R1_0074
http://example.org/kg/cq/CQ_S0_R1_0074,http://example.org/kg/supportedBy,http://example.org/kg/chunk/26-2009_00236v2_rag__chunk_016,26-2009.00236v2_rag,26-2009.00236v2_rag::chunk_016,0.8265079855918884,CQ_S0_R1_0074
http://example.org/kg/cq/CQ_S0_R1_0074,http://example.org/kg/supportedBy,http://example.org/kg/chunk/26-2009_00236v2_rag__chunk_006,26-2009.00236v2_rag,26-2009.00236v2_rag::chunk_006,0.8263163566589355,CQ_S0_R1_0074
http://example.org/kg/cq/CQ_S0_R1_0074,http://example.org/kg/supportedBy,http://example.org/kg/chunk/183-NeurIPS-2022-active-learning-for-multiple-target-models-Paper-Conference_rag__chunk_000,183-NeurIPS-2022-active-learning-for-multiple-target-models-Paper-Conference_rag,183-NeurIPS-2022-active-learning-for-multiple-target-models-Paper-Conference_rag::chunk_000,0.8217902779579163,CQ_S0_R1_0074
http://example.org/kg/cq/CQ_S0_R1_0074,http://example.org/kg/supportedBy,http://example.org/kg/chunk/22-2203_13450v3_rag__chunk_016,22-2203.13450v3_rag,22-2203.13450v3_rag::chunk_016,0.8210304379463196,CQ_S0_R1_0074
http://example.org/kg/cq/CQ_S0_R1_0086,http://example.org/kg/supportedBy,http://example.org/kg/chunk/22-2203_13450v3_rag__chunk_002,22-2203.13450v3_rag,22-2203.13450v3_rag::chunk_002,0.8355768918991089,CQ_S0_R1_0086
http://example.org/kg/cq/CQ_S0_R1_0086,http://example.org/kg/supportedBy,http://example.org/kg/chunk/22-2203_13450v3_rag__chunk_016,22-2203.13450v3_rag,22-2203.13450v3_rag::chunk_016,0.8277294039726257,CQ_S0_R1_0086
http://example.org/kg/cq/CQ_S0_R1_0086,http://example.org/kg/supportedBy,http://example.org/kg/chunk/22-2203_13450v3_rag__chunk_003,22-2203.13450v3_rag,22-2203.13450v3_rag::chunk_003,0.8239551484584808,CQ_S0_R1_0086
http://example.org/kg/cq/CQ_S0_R1_0086,http://example.org/kg/supportedBy,http://example.org/kg/chunk/22-2203_13450v3_rag__chunk_001,22-2203.13450v3_rag,22-2203.13450v3_rag::chunk_001,0.8224506974220276,CQ_S0_R1_0086
http://example.org/kg/cq/CQ_S0_R1_0086,http://example.org/kg/supportedBy,http://example.org/kg/chunk/26-2009_00236v2_rag__chunk_010,26-2009.00236v2_rag,26-2009.00236v2_rag::chunk_010,0.8203880786895752,CQ_S0_R1_0086
http://example.org/kg/cq/CQ_S0_R1_0060,http://example.org/kg/supportedBy,http://example.org/kg/chunk/199-0420_rag__chunk_011,199-0420_rag,199-0420_rag::chunk_011,0.8017343282699585,CQ_S0_R1_0060
http://example.org/kg/cq/CQ_S0_R1_0060,http://example.org/kg/supportedBy,http://example.org/kg/chunk/87-2112_01406v3_rag__chunk_003,87-2112.01406v3_rag,87-2112.01406v3_rag::chunk_003,0.7998597025871277,CQ_S0_R1_0060
http://example.org/kg/cq/CQ_S0_R1_0060,http://example.org/kg/supportedBy,http://example.org/kg/chunk/114-978-3-540-74958-5_14_rag__chunk_009,114-978-3-540-74958-5_14_rag,114-978-3-540-74958-5_14_rag::chunk_009,0.7993894219398499,CQ_S0_R1_0060
http://example.org/kg/cq/CQ_S0_R1_0060,http://example.org/kg/supportedBy,http://example.org/kg/chunk/87-2112_01406v3_rag__chunk_011,87-2112.01406v3_rag,87-2112.01406v3_rag::chunk_011,0.7974047064781189,CQ_S0_R1_0060
http://example.org/kg/cq/CQ_S0_R1_0060,http://example.org/kg/supportedBy,http://example.org/kg/chunk/22-2203_13450v3_rag__chunk_016,22-2203.13450v3_rag,22-2203.13450v3_rag::chunk_016,0.7929462194442749,CQ_S0_R1_0060
http://example.org/kg/cq/CQ_S0_R1_0082,http://example.org/kg/supportedBy,http://example.org/kg/chunk/177-2005_07402v1_rag__chunk_001,177-2005.07402v1_rag,177-2005.07402v1_rag::chunk_001,0.8130128085613251,CQ_S0_R1_0082
http://example.org/kg/cq/CQ_S0_R1_0082,http://example.org/kg/supportedBy,http://example.org/kg/chunk/15-2210_10109v2_rag__chunk_014,15-2210.10109v2_rag,15-2210.10109v2_rag::chunk_014,0.8112834692001343,CQ_S0_R1_0082
http://example.org/kg/cq/CQ_S0_R1_0082,http://example.org/kg/supportedBy,http://example.org/kg/chunk/175-215380_rag__chunk_006,175-215380_rag,175-215380_rag::chunk_006,0.8066686391830444,CQ_S0_R1_0082
http://example.org/kg/cq/CQ_S0_R1_0082,http://example.org/kg/supportedBy,http://example.org/kg/chunk/15-2210_10109v2_rag__chunk_013,15-2210.10109v2_rag,15-2210.10109v2_rag::chunk_013,0.8051304817199707,CQ_S0_R1_0082
http://example.org/kg/cq/CQ_S0_R1_0082,http://example.org/kg/supportedBy,http://example.org/kg/chunk/15-2210_10109v2_rag__chunk_015,15-2210.10109v2_rag,15-2210.10109v2_rag::chunk_015,0.8006845712661743,CQ_S0_R1_0082
http://example.org/kg/cq/CQ_S0_R1_0063,http://example.org/kg/supportedBy,http://example.org/kg/chunk/40-1702_07956v5_rag__chunk_009,40-1702.07956v5_rag,40-1702.07956v5_rag::chunk_009,0.8437262773513794,CQ_S0_R1_0063
http://example.org/kg/cq/CQ_S0_R1_0063,http://example.org/kg/supportedBy,http://example.org/kg/chunk/26-2009_00236v2_rag__chunk_020,26-2009.00236v2_rag,26-2009.00236v2_rag::chunk_020,0.8334932923316956,CQ_S0_R1_0063
http://example.org/kg/cq/CQ_S0_R1_0063,http://example.org/kg/supportedBy,http://example.org/kg/chunk/40-1702_07956v5_rag__chunk_008,40-1702.07956v5_rag,40-1702.07956v5_rag::chunk_008,0.8304243087768555,CQ_S0_R1_0063
http://example.org/kg/cq/CQ_S0_R1_0063,http://example.org/kg/supportedBy,http://example.org/kg/chunk/48-1904_11643v1_rag__chunk_004,48-1904.11643v1_rag,48-1904.11643v1_rag::chunk_004,0.8208872675895691,CQ_S0_R1_0063
http://example.org/kg/cq/CQ_S0_R1_0063,http://example.org/kg/supportedBy,http://example.org/kg/chunk/40-1702_07956v5_rag__chunk_001,40-1702.07956v5_rag,40-1702.07956v5_rag::chunk_001,0.8193382918834686,CQ_S0_R1_0063
http://example.org/kg/cq/CQ_S0_R1_0051,http://example.org/kg/supportedBy,http://example.org/kg/chunk/60-2022_findings-emnlp_235_rag__chunk_003,60-2022.findings-emnlp.235_rag,60-2022.findings-emnlp.235_rag::chunk_003,0.8196750283241272,CQ_S0_R1_0051
http://example.org/kg/cq/CQ_S0_R1_0051,http://example.org/kg/supportedBy,http://example.org/kg/chunk/60-2022_findings-emnlp_235_rag__chunk_006,60-2022.findings-emnlp.235_rag,60-2022.findings-emnlp.235_rag::chunk_006,0.8097543716430664,CQ_S0_R1_0051
http://example.org/kg/cq/CQ_S0_R1_0051,http://example.org/kg/supportedBy,http://example.org/kg/chunk/113-2111_02275v2_rag__chunk_005,113-2111.02275v2_rag,113-2111.02275v2_rag::chunk_005,0.7973199486732483,CQ_S0_R1_0051
http://example.org/kg/cq/CQ_S0_R1_0051,http://example.org/kg/supportedBy,http://example.org/kg/chunk/102-2203_07034v1_rag__chunk_003,102-2203.07034v1_rag,102-2203.07034v1_rag::chunk_003,0.7954824268817902,CQ_S0_R1_0051
http://example.org/kg/cq/CQ_S0_R1_0051,http://example.org/kg/supportedBy,http://example.org/kg/chunk/35-1703_02910v1_rag__chunk_008,35-1703.02910v1_rag,35-1703.02910v1_rag::chunk_008,0.7934587895870209,CQ_S0_R1_0051
http://example.org/kg/cq/CQ_S0_R1_0049,http://example.org/kg/supportedBy,http://example.org/kg/chunk/48-1904_11643v1_rag__chunk_006,48-1904.11643v1_rag,48-1904.11643v1_rag::chunk_006,0.8343057632446289,CQ_S0_R1_0049
http://example.org/kg/cq/CQ_S0_R1_0049,http://example.org/kg/supportedBy,http://example.org/kg/chunk/45-1906_08158v2_rag__chunk_001,45-1906.08158v2_rag,45-1906.08158v2_rag::chunk_001,0.8257656693458557,CQ_S0_R1_0049
http://example.org/kg/cq/CQ_S0_R1_0049,http://example.org/kg/supportedBy,http://example.org/kg/chunk/136-2110_14171v1_rag__chunk_002,136-2110.14171v1_rag,136-2110.14171v1_rag::chunk_002,0.8242097795009613,CQ_S0_R1_0049
http://example.org/kg/cq/CQ_S0_R1_0049,http://example.org/kg/supportedBy,http://example.org/kg/chunk/113-2111_02275v2_rag__chunk_005,113-2111.02275v2_rag,113-2111.02275v2_rag::chunk_005,0.8229854702949524,CQ_S0_R1_0049
http://example.org/kg/cq/CQ_S0_R1_0049,http://example.org/kg/supportedBy,http://example.org/kg/chunk/20-2211_14819v2_rag__chunk_006,20-2211.14819v2_rag,20-2211.14819v2_rag::chunk_006,0.8204002380371094,CQ_S0_R1_0049
http://example.org/kg/cq/CQ_S0_R1_0062,http://example.org/kg/supportedBy,http://example.org/kg/chunk/31-2020_emnlp-main_637_rag__chunk_003,31-2020.emnlp-main.637_rag,31-2020.emnlp-main.637_rag::chunk_003,0.8245691061019897,CQ_S0_R1_0062
http://example.org/kg/cq/CQ_S0_R1_0062,http://example.org/kg/supportedBy,http://example.org/kg/chunk/179-2210_02442v1_rag__chunk_001,179-2210.02442v1_rag,179-2210.02442v1_rag::chunk_001,0.8226022124290466,CQ_S0_R1_0062
http://example.org/kg/cq/CQ_S0_R1_0062,http://example.org/kg/supportedBy,http://example.org/kg/chunk/179-2210_02442v1_rag__chunk_010,179-2210.02442v1_rag,179-2210.02442v1_rag::chunk_010,0.8165489435195923,CQ_S0_R1_0062
http://example.org/kg/cq/CQ_S0_R1_0062,http://example.org/kg/supportedBy,http://example.org/kg/chunk/201-2202_02794v4_rag__chunk_001,201-2202.02794v4_rag,201-2202.02794v4_rag::chunk_001,0.8151265382766724,CQ_S0_R1_0062
http://example.org/kg/cq/CQ_S0_R1_0062,http://example.org/kg/supportedBy,http://example.org/kg/chunk/127-1909_03585v1_rag__chunk_010,127-1909.03585v1_rag,127-1909.03585v1_rag::chunk_010,0.8146569132804871,CQ_S0_R1_0062
http://example.org/kg/cq/CQ_S0_R1_0088,http://example.org/kg/supportedBy,http://example.org/kg/chunk/103-2210_12704v1_rag__chunk_008,103-2210.12704v1_rag,103-2210.12704v1_rag::chunk_008,0.7852586507797241,CQ_S0_R1_0088
http://example.org/kg/cq/CQ_S0_R1_0088,http://example.org/kg/supportedBy,http://example.org/kg/chunk/22-2203_13450v3_rag__chunk_015,22-2203.13450v3_rag,22-2203.13450v3_rag::chunk_015,0.783337414264679,CQ_S0_R1_0088
http://example.org/kg/cq/CQ_S0_R1_0088,http://example.org/kg/supportedBy,http://example.org/kg/chunk/26-2009_00236v2_rag__chunk_008,26-2009.00236v2_rag,26-2009.00236v2_rag::chunk_008,0.780834436416626,CQ_S0_R1_0088
http://example.org/kg/cq/CQ_S0_R1_0088,http://example.org/kg/supportedBy,http://example.org/kg/chunk/186-2201_11661v1_rag__chunk_003,186-2201.11661v1_rag,186-2201.11661v1_rag::chunk_003,0.7785931825637817,CQ_S0_R1_0088
http://example.org/kg/cq/CQ_S0_R1_0088,http://example.org/kg/supportedBy,http://example.org/kg/chunk/26-2009_00236v2_rag__chunk_017,26-2009.00236v2_rag,26-2009.00236v2_rag::chunk_017,0.7770867347717285,CQ_S0_R1_0088
http://example.org/kg/cq/CQ_S0_R1_0076,http://example.org/kg/supportedBy,http://example.org/kg/chunk/26-2009_00236v2_rag__chunk_010,26-2009.00236v2_rag,26-2009.00236v2_rag::chunk_010,0.7911500334739685,CQ_S0_R1_0076
http://example.org/kg/cq/CQ_S0_R1_0076,http://example.org/kg/supportedBy,http://example.org/kg/chunk/26-2009_00236v2_rag__chunk_012,26-2009.00236v2_rag,26-2009.00236v2_rag::chunk_012,0.781042605638504,CQ_S0_R1_0076
http://example.org/kg/cq/CQ_S0_R1_0076,http://example.org/kg/supportedBy,http://example.org/kg/chunk/22-2203_13450v3_rag__chunk_012,22-2203.13450v3_rag,22-2203.13450v3_rag::chunk_012,0.7738311886787415,CQ_S0_R1_0076
http://example.org/kg/cq/CQ_S0_R1_0076,http://example.org/kg/supportedBy,http://example.org/kg/chunk/22-2203_13450v3_rag__chunk_002,22-2203.13450v3_rag,22-2203.13450v3_rag::chunk_002,0.771184653043747,CQ_S0_R1_0076
http://example.org/kg/cq/CQ_S0_R1_0076,http://example.org/kg/supportedBy,http://example.org/kg/chunk/125-Du_Contrastive_Coding_for_Active_Learning_Under_Class_Distribution_Mismatch_ICCV_2021_paper_rag__chunk_014,125-Du_Contrastive_Coding_for_Active_Learning_Under_Class_Distribution_Mismatch_ICCV_2021_paper_rag,125-Du_Contrastive_Coding_for_Active_Learning_Under_Class_Distribution_Mismatch_ICCV_2021_paper_rag::chunk_014,0.7707086205482483,CQ_S0_R1_0076
http://example.org/kg/cq/CQ_S0_R1_0058,http://example.org/kg/supportedBy,http://example.org/kg/chunk/22-2203_13450v3_rag__chunk_016,22-2203.13450v3_rag,22-2203.13450v3_rag::chunk_016,0.8250714540481567,CQ_S0_R1_0058
http://example.org/kg/cq/CQ_S0_R1_0058,http://example.org/kg/supportedBy,http://example.org/kg/chunk/22-2203_13450v3_rag__chunk_000,22-2203.13450v3_rag,22-2203.13450v3_rag::chunk_000,0.8204917907714844,CQ_S0_R1_0058
http://example.org/kg/cq/CQ_S0_R1_0058,http://example.org/kg/supportedBy,http://example.org/kg/chunk/22-2203_13450v3_rag__chunk_007,22-2203.13450v3_rag,22-2203.13450v3_rag::chunk_007,0.8200498819351196,CQ_S0_R1_0058
http://example.org/kg/cq/CQ_S0_R1_0058,http://example.org/kg/supportedBy,http://example.org/kg/chunk/22-2203_13450v3_rag__chunk_008,22-2203.13450v3_rag,22-2203.13450v3_rag::chunk_008,0.8082321584224701,CQ_S0_R1_0058
http://example.org/kg/cq/CQ_S0_R1_0058,http://example.org/kg/supportedBy,http://example.org/kg/chunk/149-2204_07965v1_rag__chunk_012,149-2204.07965v1_rag,149-2204.07965v1_rag::chunk_012,0.8067540526390076,CQ_S0_R1_0058
http://example.org/kg/cq/CQ_S0_R1_0084,http://example.org/kg/supportedBy,http://example.org/kg/chunk/22-2203_13450v3_rag__chunk_003,22-2203.13450v3_rag,22-2203.13450v3_rag::chunk_003,0.8307862281799316,CQ_S0_R1_0084
http://example.org/kg/cq/CQ_S0_R1_0084,http://example.org/kg/supportedBy,http://example.org/kg/chunk/22-2203_13450v3_rag__chunk_007,22-2203.13450v3_rag,22-2203.13450v3_rag::chunk_007,0.8218522071838379,CQ_S0_R1_0084
http://example.org/kg/cq/CQ_S0_R1_0084,http://example.org/kg/supportedBy,http://example.org/kg/chunk/3-9B18871D-F72F-4437-891F-7FAA000D7A47_am1_rag__chunk_026,3-9B18871D-F72F-4437-891F-7FAA000D7A47 am1_rag,3-9B18871D-F72F-4437-891F-7FAA000D7A47 am1_rag::chunk_026,0.8194727897644043,CQ_S0_R1_0084
http://example.org/kg/cq/CQ_S0_R1_0084,http://example.org/kg/supportedBy,http://example.org/kg/chunk/26-2009_00236v2_rag__chunk_016,26-2009.00236v2_rag,26-2009.00236v2_rag::chunk_016,0.8190447092056274,CQ_S0_R1_0084
http://example.org/kg/cq/CQ_S0_R1_0084,http://example.org/kg/supportedBy,http://example.org/kg/chunk/26-2009_00236v2_rag__chunk_010,26-2009.00236v2_rag,26-2009.00236v2_rag::chunk_010,0.8183035850524902,CQ_S0_R1_0084
http://example.org/kg/cq/CQ_S0_R1_0092,http://example.org/kg/supportedBy,http://example.org/kg/chunk/22-2203_13450v3_rag__chunk_000,22-2203.13450v3_rag,22-2203.13450v3_rag::chunk_000,0.7997766137123108,CQ_S0_R1_0092
http://example.org/kg/cq/CQ_S0_R1_0092,http://example.org/kg/supportedBy,http://example.org/kg/chunk/26-2009_00236v2_rag__chunk_017,26-2009.00236v2_rag,26-2009.00236v2_rag::chunk_017,0.7949053943157196,CQ_S0_R1_0092
http://example.org/kg/cq/CQ_S0_R1_0092,http://example.org/kg/supportedBy,http://example.org/kg/chunk/47-P19-1586_rag__chunk_010,47-P19-1586_rag,47-P19-1586_rag::chunk_010,0.7913854718208313,CQ_S0_R1_0092
http://example.org/kg/cq/CQ_S0_R1_0092,http://example.org/kg/supportedBy,http://example.org/kg/chunk/22-2203_13450v3_rag__chunk_015,22-2203.13450v3_rag,22-2203.13450v3_rag::chunk_015,0.788429468870163,CQ_S0_R1_0092
http://example.org/kg/cq/CQ_S0_R1_0092,http://example.org/kg/supportedBy,http://example.org/kg/chunk/101-2007_13959v1_rag__chunk_001,101-2007.13959v1_rag,101-2007.13959v1_rag::chunk_001,0.7860087752342224,CQ_S0_R1_0092
http://example.org/kg/cq/CQ_S0_R1_0072,http://example.org/kg/supportedBy,http://example.org/kg/chunk/22-2203_13450v3_rag__chunk_015,22-2203.13450v3_rag,22-2203.13450v3_rag::chunk_015,0.8222457766532898,CQ_S0_R1_0072
http://example.org/kg/cq/CQ_S0_R1_0072,http://example.org/kg/supportedBy,http://example.org/kg/chunk/22-2203_13450v3_rag__chunk_013,22-2203.13450v3_rag,22-2203.13450v3_rag::chunk_013,0.8081319332122803,CQ_S0_R1_0072
http://example.org/kg/cq/CQ_S0_R1_0072,http://example.org/kg/supportedBy,http://example.org/kg/chunk/47-P19-1586_rag__chunk_010,47-P19-1586_rag,47-P19-1586_rag::chunk_010,0.8072209060192108,CQ_S0_R1_0072
http://example.org/kg/cq/CQ_S0_R1_0072,http://example.org/kg/supportedBy,http://example.org/kg/chunk/22-2203_13450v3_rag__chunk_014,22-2203.13450v3_rag,22-2203.13450v3_rag::chunk_014,0.8018420934677124,CQ_S0_R1_0072
http://example.org/kg/cq/CQ_S0_R1_0072,http://example.org/kg/supportedBy,http://example.org/kg/chunk/188-2211_08112v1_rag__chunk_008,188-2211.08112v1_rag,188-2211.08112v1_rag::chunk_008,0.7985588312149048,CQ_S0_R1_0072
http://example.org/kg/cq/CQ_S0_R1_0080,http://example.org/kg/supportedBy,http://example.org/kg/chunk/22-2203_13450v3_rag__chunk_016,22-2203.13450v3_rag,22-2203.13450v3_rag::chunk_016,0.8239960670471191,CQ_S0_R1_0080
http://example.org/kg/cq/CQ_S0_R1_0080,http://example.org/kg/supportedBy,http://example.org/kg/chunk/22-2203_13450v3_rag__chunk_009,22-2203.13450v3_rag,22-2203.13450v3_rag::chunk_009,0.790101021528244,CQ_S0_R1_0080
http://example.org/kg/cq/CQ_S0_R1_0080,http://example.org/kg/supportedBy,http://example.org/kg/chunk/22-2203_13450v3_rag__chunk_000,22-2203.13450v3_rag,22-2203.13450v3_rag::chunk_000,0.7898705005645752,CQ_S0_R1_0080
http://example.org/kg/cq/CQ_S0_R1_0080,http://example.org/kg/supportedBy,http://example.org/kg/chunk/26-2009_00236v2_rag__chunk_026,26-2009.00236v2_rag,26-2009.00236v2_rag::chunk_026,0.7872374057769775,CQ_S0_R1_0080
http://example.org/kg/cq/CQ_S0_R1_0080,http://example.org/kg/supportedBy,http://example.org/kg/chunk/112-1487_rag__chunk_012,112-1487_rag,112-1487_rag::chunk_012,0.7866649329662323,CQ_S0_R1_0080
http://example.org/kg/cq/CQ_S0_R1_0054,http://example.org/kg/supportedBy,http://example.org/kg/chunk/53-2020_emnlp-main_638_rag__chunk_011,53-2020.emnlp-main.638_rag,53-2020.emnlp-main.638_rag::chunk_011,0.8340092301368713,CQ_S0_R1_0054
http://example.org/kg/cq/CQ_S0_R1_0054,http://example.org/kg/supportedBy,http://example.org/kg/chunk/22-2203_13450v3_rag__chunk_015,22-2203.13450v3_rag,22-2203.13450v3_rag::chunk_015,0.8270197510719299,CQ_S0_R1_0054
http://example.org/kg/cq/CQ_S0_R1_0054,http://example.org/kg/supportedBy,http://example.org/kg/chunk/53-2020_emnlp-main_638_rag__chunk_006,53-2020.emnlp-main.638_rag,53-2020.emnlp-main.638_rag::chunk_006,0.8259008228778839,CQ_S0_R1_0054
http://example.org/kg/cq/CQ_S0_R1_0054,http://example.org/kg/supportedBy,http://example.org/kg/chunk/53-2020_emnlp-main_638_rag__chunk_007,53-2020.emnlp-main.638_rag,53-2020.emnlp-main.638_rag::chunk_007,0.8233181238174438,CQ_S0_R1_0054
http://example.org/kg/cq/CQ_S0_R1_0054,http://example.org/kg/supportedBy,http://example.org/kg/chunk/22-2203_13450v3_rag__chunk_016,22-2203.13450v3_rag,22-2203.13450v3_rag::chunk_016,0.820018470287323,CQ_S0_R1_0054
http://example.org/kg/cq/CQ_S0_R1_0065,http://example.org/kg/supportedBy,http://example.org/kg/chunk/118-D19-6110_rag__chunk_008,118-D19-6110_rag,118-D19-6110_rag::chunk_008,0.7868200242519379,CQ_S0_R1_0065
http://example.org/kg/cq/CQ_S0_R1_0065,http://example.org/kg/supportedBy,http://example.org/kg/chunk/22-2203_13450v3_rag__chunk_000,22-2203.13450v3_rag,22-2203.13450v3_rag::chunk_000,0.7866551280021667,CQ_S0_R1_0065
http://example.org/kg/cq/CQ_S0_R1_0065,http://example.org/kg/supportedBy,http://example.org/kg/chunk/26-2009_00236v2_rag__chunk_022,26-2009.00236v2_rag,26-2009.00236v2_rag::chunk_022,0.7845270037651062,CQ_S0_R1_0065
http://example.org/kg/cq/CQ_S0_R1_0065,http://example.org/kg/supportedBy,http://example.org/kg/chunk/22-2203_13450v3_rag__chunk_016,22-2203.13450v3_rag,22-2203.13450v3_rag::chunk_016,0.7842344045639038,CQ_S0_R1_0065
http://example.org/kg/cq/CQ_S0_R1_0065,http://example.org/kg/supportedBy,http://example.org/kg/chunk/22-2203_13450v3_rag__chunk_007,22-2203.13450v3_rag,22-2203.13450v3_rag::chunk_007,0.782558023929596,CQ_S0_R1_0065
http://example.org/kg/cq/CQ_S0_R1_0096,http://example.org/kg/supportedBy,http://example.org/kg/chunk/22-2203_13450v3_rag__chunk_015,22-2203.13450v3_rag,22-2203.13450v3_rag::chunk_015,0.8163021206855774,CQ_S0_R1_0096
http://example.org/kg/cq/CQ_S0_R1_0096,http://example.org/kg/supportedBy,http://example.org/kg/chunk/47-P19-1586_rag__chunk_010,47-P19-1586_rag,47-P19-1586_rag::chunk_010,0.814298003911972,CQ_S0_R1_0096
http://example.org/kg/cq/CQ_S0_R1_0096,http://example.org/kg/supportedBy,http://example.org/kg/chunk/26-2009_00236v2_rag__chunk_017,26-2009.00236v2_rag,26-2009.00236v2_rag::chunk_017,0.8141355514526367,CQ_S0_R1_0096
http://example.org/kg/cq/CQ_S0_R1_0096,http://example.org/kg/supportedBy,http://example.org/kg/chunk/22-2203_13450v3_rag__chunk_013,22-2203.13450v3_rag,22-2203.13450v3_rag::chunk_013,0.8134426474571228,CQ_S0_R1_0096
http://example.org/kg/cq/CQ_S0_R1_0096,http://example.org/kg/supportedBy,http://example.org/kg/chunk/46-Gong_Deep_reinforcement_active_2020_Accepted_rag__chunk_008,46-Gong Deep reinforcement active 2020 Accepted_rag,46-Gong Deep reinforcement active 2020 Accepted_rag::chunk_008,0.8117280602455139,CQ_S0_R1_0096
http://example.org/kg/cq/CQ_S0_R1_0068,http://example.org/kg/supportedBy,http://example.org/kg/chunk/25-mathematics-11-00820_rag__chunk_034,25-mathematics-11-00820_rag,25-mathematics-11-00820_rag::chunk_034,0.8299077153205872,CQ_S0_R1_0068
http://example.org/kg/cq/CQ_S0_R1_0068,http://example.org/kg/supportedBy,http://example.org/kg/chunk/26-2009_00236v2_rag__chunk_021,26-2009.00236v2_rag,26-2009.00236v2_rag::chunk_021,0.8219153583049774,CQ_S0_R1_0068
http://example.org/kg/cq/CQ_S0_R1_0068,http://example.org/kg/supportedBy,http://example.org/kg/chunk/17-2310_14230v3_rag__chunk_029,17-2310.14230v3_rag,17-2310.14230v3_rag::chunk_029,0.8172970116138458,CQ_S0_R1_0068
http://example.org/kg/cq/CQ_S0_R1_0068,http://example.org/kg/supportedBy,http://example.org/kg/chunk/22-2203_13450v3_rag__chunk_016,22-2203.13450v3_rag,22-2203.13450v3_rag::chunk_016,0.8116328120231628,CQ_S0_R1_0068
http://example.org/kg/cq/CQ_S0_R1_0068,http://example.org/kg/supportedBy,http://example.org/kg/chunk/51-1910_07153v2_rag__chunk_003,51-1910.07153v2_rag,51-1910.07153v2_rag::chunk_003,0.8104978799819946,CQ_S0_R1_0068
http://example.org/kg/cq/CQ_S0_R1_0052,http://example.org/kg/supportedBy,http://example.org/kg/chunk/26-2009_00236v2_rag__chunk_004,26-2009.00236v2_rag,26-2009.00236v2_rag::chunk_004,0.8334630131721497,CQ_S0_R1_0052
http://example.org/kg/cq/CQ_S0_R1_0052,http://example.org/kg/supportedBy,http://example.org/kg/chunk/20-2211_14819v2_rag__chunk_002,20-2211.14819v2_rag,20-2211.14819v2_rag::chunk_002,0.8221240341663361,CQ_S0_R1_0052
http://example.org/kg/cq/CQ_S0_R1_0052,http://example.org/kg/supportedBy,http://example.org/kg/chunk/184-2101_11665v2_rag__chunk_009,184-2101.11665v2_rag,184-2101.11665v2_rag::chunk_009,0.8134964108467102,CQ_S0_R1_0052
http://example.org/kg/cq/CQ_S0_R1_0052,http://example.org/kg/supportedBy,http://example.org/kg/chunk/49-1904_00370v3_rag__chunk_002,49-1904.00370v3_rag,49-1904.00370v3_rag::chunk_002,0.8134719729423523,CQ_S0_R1_0052
http://example.org/kg/cq/CQ_S0_R1_0052,http://example.org/kg/supportedBy,http://example.org/kg/chunk/40-1702_07956v5_rag__chunk_003,40-1702.07956v5_rag,40-1702.07956v5_rag::chunk_003,0.8132964074611664,CQ_S0_R1_0052
http://example.org/kg/cq/CQ_S0_R1_0055,http://example.org/kg/supportedBy,http://example.org/kg/chunk/103-2210_12704v1_rag__chunk_004,103-2210.12704v1_rag,103-2210.12704v1_rag::chunk_004,0.8218561410903931,CQ_S0_R1_0055
http://example.org/kg/cq/CQ_S0_R1_0055,http://example.org/kg/supportedBy,http://example.org/kg/chunk/45-1906_08158v2_rag__chunk_001,45-1906.08158v2_rag,45-1906.08158v2_rag::chunk_001,0.8113568425178528,CQ_S0_R1_0055
http://example.org/kg/cq/CQ_S0_R1_0055,http://example.org/kg/supportedBy,http://example.org/kg/chunk/45-1906_08158v2_rag__chunk_000,45-1906.08158v2_rag,45-1906.08158v2_rag::chunk_000,0.8112590909004211,CQ_S0_R1_0055
http://example.org/kg/cq/CQ_S0_R1_0055,http://example.org/kg/supportedBy,http://example.org/kg/chunk/45-1906_08158v2_rag__chunk_007,45-1906.08158v2_rag,45-1906.08158v2_rag::chunk_007,0.8052961528301239,CQ_S0_R1_0055
http://example.org/kg/cq/CQ_S0_R1_0055,http://example.org/kg/supportedBy,http://example.org/kg/chunk/60-2022_findings-emnlp_235_rag__chunk_010,60-2022.findings-emnlp.235_rag,60-2022.findings-emnlp.235_rag::chunk_010,0.8034117817878723,CQ_S0_R1_0055
http://example.org/kg/cq/CQ_S0_R1_0083,http://example.org/kg/supportedBy,http://example.org/kg/chunk/25-mathematics-11-00820_rag__chunk_017,25-mathematics-11-00820_rag,25-mathematics-11-00820_rag::chunk_017,0.8014256358146667,CQ_S0_R1_0083
http://example.org/kg/cq/CQ_S0_R1_0083,http://example.org/kg/supportedBy,http://example.org/kg/chunk/169-2004_10931v1_rag__chunk_004,169-2004.10931v1_rag,169-2004.10931v1_rag::chunk_004,0.7984313368797302,CQ_S0_R1_0083
http://example.org/kg/cq/CQ_S0_R1_0083,http://example.org/kg/supportedBy,http://example.org/kg/chunk/23-KAIS_Fu_2013_Active_rag__chunk_011,23-KAIS.Fu.2013.Active_rag,23-KAIS.Fu.2013.Active_rag::chunk_011,0.7973861396312714,CQ_S0_R1_0083
http://example.org/kg/cq/CQ_S0_R1_0083,http://example.org/kg/supportedBy,http://example.org/kg/chunk/24-active-survey_rag__chunk_010,24-active-survey_rag,24-active-survey_rag::chunk_010,0.7953049540519714,CQ_S0_R1_0083
http://example.org/kg/cq/CQ_S0_R1_0083,http://example.org/kg/supportedBy,http://example.org/kg/chunk/168-0298_rag__chunk_008,168-0298_rag,168-0298_rag::chunk_008,0.7930015921592712,CQ_S0_R1_0083
http://example.org/kg/cq/CQ_S0_R1_0091,http://example.org/kg/supportedBy,http://example.org/kg/chunk/38-D17-1063_rag__chunk_000,38-D17-1063_rag,38-D17-1063_rag::chunk_000,0.8209573030471802,CQ_S0_R1_0091
http://example.org/kg/cq/CQ_S0_R1_0091,http://example.org/kg/supportedBy,http://example.org/kg/chunk/42-1802_09841v1_rag__chunk_002,42-1802.09841v1_rag,42-1802.09841v1_rag::chunk_002,0.8132921159267426,CQ_S0_R1_0091
http://example.org/kg/cq/CQ_S0_R1_0091,http://example.org/kg/supportedBy,http://example.org/kg/chunk/41-489_active_learning_for_convolutio_rag__chunk_000,41-489_active_learning_for_convolutio_rag,41-489_active_learning_for_convolutio_rag::chunk_000,0.8110877573490143,CQ_S0_R1_0091
http://example.org/kg/cq/CQ_S0_R1_0091,http://example.org/kg/supportedBy,http://example.org/kg/chunk/120-2006_13463v2_rag__chunk_010,120-2006.13463v2_rag,120-2006.13463v2_rag::chunk_010,0.8085400462150574,CQ_S0_R1_0091
http://example.org/kg/cq/CQ_S0_R1_0091,http://example.org/kg/supportedBy,http://example.org/kg/chunk/131-2007_04637v3_rag__chunk_000,131-2007.04637v3_rag,131-2007.04637v3_rag::chunk_000,0.8072570264339447,CQ_S0_R1_0091
http://example.org/kg/cq/CQ_S0_R1_0066,http://example.org/kg/supportedBy,http://example.org/kg/chunk/57-2002_04709v2_rag__chunk_014,57-2002.04709v2_rag,57-2002.04709v2_rag::chunk_014,0.8386377394199371,CQ_S0_R1_0066
http://example.org/kg/cq/CQ_S0_R1_0066,http://example.org/kg/supportedBy,http://example.org/kg/chunk/57-2002_04709v2_rag__chunk_001,57-2002.04709v2_rag,57-2002.04709v2_rag::chunk_001,0.8360979557037354,CQ_S0_R1_0066
http://example.org/kg/cq/CQ_S0_R1_0066,http://example.org/kg/supportedBy,http://example.org/kg/chunk/57-2002_04709v2_rag__chunk_009,57-2002.04709v2_rag,57-2002.04709v2_rag::chunk_009,0.8356936573982239,CQ_S0_R1_0066
http://example.org/kg/cq/CQ_S0_R1_0066,http://example.org/kg/supportedBy,http://example.org/kg/chunk/26-2009_00236v2_rag__chunk_020,26-2009.00236v2_rag,26-2009.00236v2_rag::chunk_020,0.8349729776382446,CQ_S0_R1_0066
http://example.org/kg/cq/CQ_S0_R1_0066,http://example.org/kg/supportedBy,http://example.org/kg/chunk/20-2211_14819v2_rag__chunk_007,20-2211.14819v2_rag,20-2211.14819v2_rag::chunk_007,0.8316558599472046,CQ_S0_R1_0066
http://example.org/kg/cq/CQ_S0_R1_0075,http://example.org/kg/supportedBy,http://example.org/kg/chunk/136-2110_14171v1_rag__chunk_012,136-2110.14171v1_rag,136-2110.14171v1_rag::chunk_012,0.8195874094963074,CQ_S0_R1_0075
http://example.org/kg/cq/CQ_S0_R1_0075,http://example.org/kg/supportedBy,http://example.org/kg/chunk/22-2203_13450v3_rag__chunk_013,22-2203.13450v3_rag,22-2203.13450v3_rag::chunk_013,0.8189313113689423,CQ_S0_R1_0075
http://example.org/kg/cq/CQ_S0_R1_0075,http://example.org/kg/supportedBy,http://example.org/kg/chunk/191-2110_08611v2_rag__chunk_013,191-2110.08611v2_rag,191-2110.08611v2_rag::chunk_013,0.8093456327915192,CQ_S0_R1_0075
http://example.org/kg/cq/CQ_S0_R1_0075,http://example.org/kg/supportedBy,http://example.org/kg/chunk/191-2110_08611v2_rag__chunk_012,191-2110.08611v2_rag,191-2110.08611v2_rag::chunk_012,0.8089825809001923,CQ_S0_R1_0075
http://example.org/kg/cq/CQ_S0_R1_0075,http://example.org/kg/supportedBy,http://example.org/kg/chunk/22-2203_13450v3_rag__chunk_015,22-2203.13450v3_rag,22-2203.13450v3_rag::chunk_015,0.8084828853607178,CQ_S0_R1_0075
http://example.org/kg/cq/CQ_S0_R1_0050,http://example.org/kg/supportedBy,http://example.org/kg/chunk/151-2010_00694v2_rag__chunk_007,151-2010.00694v2_rag,151-2010.00694v2_rag::chunk_007,0.826655924320221,CQ_S0_R1_0050
http://example.org/kg/cq/CQ_S0_R1_0050,http://example.org/kg/supportedBy,http://example.org/kg/chunk/31-2020_emnlp-main_637_rag__chunk_003,31-2020.emnlp-main.637_rag,31-2020.emnlp-main.637_rag::chunk_003,0.8205007910728455,CQ_S0_R1_0050
http://example.org/kg/cq/CQ_S0_R1_0050,http://example.org/kg/supportedBy,http://example.org/kg/chunk/125-Du_Contrastive_Coding_for_Active_Learning_Under_Class_Distribution_Mismatch_ICCV_2021_paper_rag__chunk_002,125-Du_Contrastive_Coding_for_Active_Learning_Under_Class_Distribution_Mismatch_ICCV_2021_paper_rag,125-Du_Contrastive_Coding_for_Active_Learning_Under_Class_Distribution_Mismatch_ICCV_2021_paper_rag::chunk_002,0.8164016604423523,CQ_S0_R1_0050
http://example.org/kg/cq/CQ_S0_R1_0050,http://example.org/kg/supportedBy,http://example.org/kg/chunk/54-2107_14153v1_rag__chunk_002,54-2107.14153v1_rag,54-2107.14153v1_rag::chunk_002,0.8151756525039673,CQ_S0_R1_0050
http://example.org/kg/cq/CQ_S0_R1_0050,http://example.org/kg/supportedBy,http://example.org/kg/chunk/183-NeurIPS-2022-active-learning-for-multiple-target-models-Paper-Conference_rag__chunk_015,183-NeurIPS-2022-active-learning-for-multiple-target-models-Paper-Conference_rag,183-NeurIPS-2022-active-learning-for-multiple-target-models-Paper-Conference_rag::chunk_015,0.8116916418075562,CQ_S0_R1_0050
http://example.org/kg/cq/CQ_S0_R1_0071,http://example.org/kg/supportedBy,http://example.org/kg/chunk/22-2203_13450v3_rag__chunk_002,22-2203.13450v3_rag,22-2203.13450v3_rag::chunk_002,0.7782686054706573,CQ_S0_R1_0071
http://example.org/kg/cq/CQ_S0_R1_0071,http://example.org/kg/supportedBy,http://example.org/kg/chunk/103-2210_12704v1_rag__chunk_008,103-2210.12704v1_rag,103-2210.12704v1_rag::chunk_008,0.778200626373291,CQ_S0_R1_0071
http://example.org/kg/cq/CQ_S0_R1_0071,http://example.org/kg/supportedBy,http://example.org/kg/chunk/103-2210_12704v1_rag__chunk_004,103-2210.12704v1_rag,103-2210.12704v1_rag::chunk_004,0.7767940759658813,CQ_S0_R1_0071
http://example.org/kg/cq/CQ_S0_R1_0071,http://example.org/kg/supportedBy,http://example.org/kg/chunk/26-2009_00236v2_rag__chunk_017,26-2009.00236v2_rag,26-2009.00236v2_rag::chunk_017,0.7765094637870789,CQ_S0_R1_0071
http://example.org/kg/cq/CQ_S0_R1_0071,http://example.org/kg/supportedBy,http://example.org/kg/chunk/199-0420_rag__chunk_011,199-0420_rag,199-0420_rag::chunk_011,0.7727174162864685,CQ_S0_R1_0071
http://example.org/kg/cq/CQ_S0_R1_0087,http://example.org/kg/supportedBy,http://example.org/kg/chunk/26-2009_00236v2_rag__chunk_016,26-2009.00236v2_rag,26-2009.00236v2_rag::chunk_016,0.7915422320365906,CQ_S0_R1_0087
http://example.org/kg/cq/CQ_S0_R1_0087,http://example.org/kg/supportedBy,http://example.org/kg/chunk/22-2203_13450v3_rag__chunk_000,22-2203.13450v3_rag,22-2203.13450v3_rag::chunk_000,0.7831762135028839,CQ_S0_R1_0087
http://example.org/kg/cq/CQ_S0_R1_0087,http://example.org/kg/supportedBy,http://example.org/kg/chunk/47-P19-1586_rag__chunk_010,47-P19-1586_rag,47-P19-1586_rag::chunk_010,0.7815016508102417,CQ_S0_R1_0087
http://example.org/kg/cq/CQ_S0_R1_0087,http://example.org/kg/supportedBy,http://example.org/kg/chunk/22-2203_13450v3_rag__chunk_016,22-2203.13450v3_rag,22-2203.13450v3_rag::chunk_016,0.7804309129714966,CQ_S0_R1_0087
http://example.org/kg/cq/CQ_S0_R1_0087,http://example.org/kg/supportedBy,http://example.org/kg/chunk/26-2009_00236v2_rag__chunk_017,26-2009.00236v2_rag,26-2009.00236v2_rag::chunk_017,0.7801017165184021,CQ_S0_R1_0087
http://example.org/kg/cq/CQ_S0_R1_0079,http://example.org/kg/supportedBy,http://example.org/kg/chunk/112-1487_rag__chunk_004,112-1487_rag,112-1487_rag::chunk_004,0.8024497032165527,CQ_S0_R1_0079
http://example.org/kg/cq/CQ_S0_R1_0079,http://example.org/kg/supportedBy,http://example.org/kg/chunk/107-2206_12569v1_rag__chunk_002,107-2206.12569v1_rag,107-2206.12569v1_rag::chunk_002,0.8019077777862549,CQ_S0_R1_0079
http://example.org/kg/cq/CQ_S0_R1_0079,http://example.org/kg/supportedBy,http://example.org/kg/chunk/35-1703_02910v1_rag__chunk_008,35-1703.02910v1_rag,35-1703.02910v1_rag::chunk_008,0.7979146242141724,CQ_S0_R1_0079
http://example.org/kg/cq/CQ_S0_R1_0079,http://example.org/kg/supportedBy,http://example.org/kg/chunk/103-2210_12704v1_rag__chunk_004,103-2210.12704v1_rag,103-2210.12704v1_rag::chunk_004,0.7960341572761536,CQ_S0_R1_0079
http://example.org/kg/cq/CQ_S0_R1_0079,http://example.org/kg/supportedBy,http://example.org/kg/chunk/204-2107_00717v2_rag__chunk_009,204-2107.00717v2_rag,204-2107.00717v2_rag::chunk_009,0.7959021925926208,CQ_S0_R1_0079
http://example.org/kg/cq/CQ_S0_R1_0059,http://example.org/kg/supportedBy,http://example.org/kg/chunk/177-2005_07402v1_rag__chunk_001,177-2005.07402v1_rag,177-2005.07402v1_rag::chunk_001,0.8235687017440796,CQ_S0_R1_0059
http://example.org/kg/cq/CQ_S0_R1_0059,http://example.org/kg/supportedBy,http://example.org/kg/chunk/177-2005_07402v1_rag__chunk_002,177-2005.07402v1_rag,177-2005.07402v1_rag::chunk_002,0.8039590120315552,CQ_S0_R1_0059
http://example.org/kg/cq/CQ_S0_R1_0059,http://example.org/kg/supportedBy,http://example.org/kg/chunk/15-2210_10109v2_rag__chunk_014,15-2210.10109v2_rag,15-2210.10109v2_rag::chunk_014,0.7955660223960876,CQ_S0_R1_0059
http://example.org/kg/cq/CQ_S0_R1_0059,http://example.org/kg/supportedBy,http://example.org/kg/chunk/188-2211_08112v1_rag__chunk_010,188-2211.08112v1_rag,188-2211.08112v1_rag::chunk_010,0.7943931221961975,CQ_S0_R1_0059
http://example.org/kg/cq/CQ_S0_R1_0059,http://example.org/kg/supportedBy,http://example.org/kg/chunk/127-1909_03585v1_rag__chunk_014,127-1909.03585v1_rag,127-1909.03585v1_rag::chunk_014,0.792808473110199,CQ_S0_R1_0059
http://example.org/kg/cq/CQ_S0_R1_0095,http://example.org/kg/supportedBy,http://example.org/kg/chunk/24-active-survey_rag__chunk_031,24-active-survey_rag,24-active-survey_rag::chunk_031,0.7891321182250977,CQ_S0_R1_0095
http://example.org/kg/cq/CQ_S0_R1_0095,http://example.org/kg/supportedBy,http://example.org/kg/chunk/22-2203_13450v3_rag__chunk_016,22-2203.13450v3_rag,22-2203.13450v3_rag::chunk_016,0.7767196595668793,CQ_S0_R1_0095
http://example.org/kg/cq/CQ_S0_R1_0095,http://example.org/kg/supportedBy,http://example.org/kg/chunk/26-2009_00236v2_rag__chunk_017,26-2009.00236v2_rag,26-2009.00236v2_rag::chunk_017,0.7722812294960022,CQ_S0_R1_0095
http://example.org/kg/cq/CQ_S0_R1_0095,http://example.org/kg/supportedBy,http://example.org/kg/chunk/20-2211_14819v2_rag__chunk_016,20-2211.14819v2_rag,20-2211.14819v2_rag::chunk_016,0.7708589434623718,CQ_S0_R1_0095
http://example.org/kg/cq/CQ_S0_R1_0095,http://example.org/kg/supportedBy,http://example.org/kg/chunk/22-2203_13450v3_rag__chunk_001,22-2203.13450v3_rag,22-2203.13450v3_rag::chunk_001,0.7691031098365784,CQ_S0_R1_0095
http://example.org/kg/cq/CQ_S0_R1_0057,http://example.org/kg/supportedBy,http://example.org/kg/chunk/131-2007_04637v3_rag__chunk_010,131-2007.04637v3_rag,131-2007.04637v3_rag::chunk_010,0.8020797967910767,CQ_S0_R1_0057
http://example.org/kg/cq/CQ_S0_R1_0057,http://example.org/kg/supportedBy,http://example.org/kg/chunk/113-2111_02275v2_rag__chunk_011,113-2111.02275v2_rag,113-2111.02275v2_rag::chunk_011,0.7916929125785828,CQ_S0_R1_0057
http://example.org/kg/cq/CQ_S0_R1_0057,http://example.org/kg/supportedBy,http://example.org/kg/chunk/45-1906_08158v2_rag__chunk_001,45-1906.08158v2_rag,45-1906.08158v2_rag::chunk_001,0.7913431227207184,CQ_S0_R1_0057
http://example.org/kg/cq/CQ_S0_R1_0057,http://example.org/kg/supportedBy,http://example.org/kg/chunk/45-1906_08158v2_rag__chunk_008,45-1906.08158v2_rag,45-1906.08158v2_rag::chunk_008,0.7840158939361572,CQ_S0_R1_0057
http://example.org/kg/cq/CQ_S0_R1_0057,http://example.org/kg/supportedBy,http://example.org/kg/chunk/87-2112_01406v3_rag__chunk_012,87-2112.01406v3_rag,87-2112.01406v3_rag::chunk_012,0.7840098440647125,CQ_S0_R1_0057
http://example.org/kg/cq/CQ_S0_R1_0085,http://example.org/kg/supportedBy,http://example.org/kg/chunk/22-2203_13450v3_rag__chunk_015,22-2203.13450v3_rag,22-2203.13450v3_rag::chunk_015,0.8166424036026001,CQ_S0_R1_0085
http://example.org/kg/cq/CQ_S0_R1_0085,http://example.org/kg/supportedBy,http://example.org/kg/chunk/26-2009_00236v2_rag__chunk_021,26-2009.00236v2_rag,26-2009.00236v2_rag::chunk_021,0.8115136921405792,CQ_S0_R1_0085
http://example.org/kg/cq/CQ_S0_R1_0085,http://example.org/kg/supportedBy,http://example.org/kg/chunk/22-2203_13450v3_rag__chunk_001,22-2203.13450v3_rag,22-2203.13450v3_rag::chunk_001,0.8098140954971313,CQ_S0_R1_0085
http://example.org/kg/cq/CQ_S0_R1_0085,http://example.org/kg/supportedBy,http://example.org/kg/chunk/22-2203_13450v3_rag__chunk_016,22-2203.13450v3_rag,22-2203.13450v3_rag::chunk_016,0.8087436556816101,CQ_S0_R1_0085
http://example.org/kg/cq/CQ_S0_R1_0085,http://example.org/kg/supportedBy,http://example.org/kg/chunk/22-2203_13450v3_rag__chunk_000,22-2203.13450v3_rag,22-2203.13450v3_rag::chunk_000,0.8025338351726532,CQ_S0_R1_0085
http://example.org/kg/cq/CQ_S0_R1_0064,http://example.org/kg/supportedBy,http://example.org/kg/chunk/24-active-survey_rag__chunk_033,24-active-survey_rag,24-active-survey_rag::chunk_033,0.8001568913459778,CQ_S0_R1_0064
http://example.org/kg/cq/CQ_S0_R1_0064,http://example.org/kg/supportedBy,http://example.org/kg/chunk/22-2203_13450v3_rag__chunk_016,22-2203.13450v3_rag,22-2203.13450v3_rag::chunk_016,0.7996084988117218,CQ_S0_R1_0064
http://example.org/kg/cq/CQ_S0_R1_0064,http://example.org/kg/supportedBy,http://example.org/kg/chunk/22-2203_13450v3_rag__chunk_000,22-2203.13450v3_rag,22-2203.13450v3_rag::chunk_000,0.7951818704605103,CQ_S0_R1_0064
http://example.org/kg/cq/CQ_S0_R1_0064,http://example.org/kg/supportedBy,http://example.org/kg/chunk/26-2009_00236v2_rag__chunk_005,26-2009.00236v2_rag,26-2009.00236v2_rag::chunk_005,0.7901643514633179,CQ_S0_R1_0064
http://example.org/kg/cq/CQ_S0_R1_0064,http://example.org/kg/supportedBy,http://example.org/kg/chunk/199-0420_rag__chunk_001,199-0420_rag,199-0420_rag::chunk_001,0.7898291945457458,CQ_S0_R1_0064
